File,Engagement,Manipulation,Visual,Text,Hate Speech
1000.jpg,381,0,0,quando ti chiedono se sia peggiore fratelli d'italia o la lega: la merda è merda,1
1001.jpg,142,1,0,conte entra in un negozio di telefonia e passa al pd mantenendo il numero.,0
1002.jpg,3598,1,"Di Maio, Zingaretti, Berlusconi, Salvini",i politicanti italici non vedono l'ora di andar alle urne? accontentiamoli! pira et fascine li offriamo noi!,1
1003.jpg,165,1,"Salvini, Renzi",sono scemo. io di più. scemo & più scemo,1
1004.jpg,44,0,0,"beppe grillo (2017) genova, 21 luglio 1948 politico e comico italiano comico di ""altissima"" caratura, predica una politica ""purissima"", legge primo levi e sogna un'italia ""levissima""",0
1005.jpg,182,1,0,"piattaforma rousseau quesito: ""non è forse vero che non volete che il movimento 5 stelle non appoggi il governo conte insieme a un partito fondato il 14 ottobre 2007? o no?"" sono d'accordo non sono in disaccordo fettine panate!",0
1006.jpg,9,1,Renzi,coglionissimo me,1
1007.jpg,21,0,Salvini,salvini e trump ci mostrano le dimensioni dei loro micropeni,1
1008.jpg,34,1,Conte,"$fera €bbasta fanculo, papà matteo! fascio dimmerda! ciuccarosari! ti odio! me ne vado da questa casa del cazzo!",1
1009.jpg,151,1,Salvini,alzati lazzarone e vai a lavorare!,1
1010.jpg,5951,0,0,presidente del consiglio ministro delle infrastrutture e dei trasporti ministro dell'ambiente del territorio e della tutela del mare ministri del turismo,0
1011.jpg,20,1,"M5S, Lega",legge di bilancio del 2020 crisi di governo movimento lega salvini premier,0
1012.jpg,12,0,Renzi,"tre giorni belli pieni in montana, al parco di yellowstone, a discutere di futuro. non ho trovato yoghi e bubu, eroi della mia infanzia, ma tante idee per il futuro. buona domenica #ritorno yoghu è andato via renzi? no bubu, sta ancora rompendo il caxxo con i selfie",1
1013.jpg,486,0,Berlusconi,erezioni subito,0
1014.jpg,46,0,0,"ma quindi fate il governo coi grillini? sorridi e guarda in camera valà, non farmici pensare",0
1015.jpg,58,0,Lega,la lega a roma? cacamoje in testa! gabbiani de roma,1
1016.jpg,641,1,"Salvini, Di Maio",alexa spegni il governo,0
1017.jpg,31,1,"Di Maio, Salvini","tranquilli, voterà per l'immunità",1
1018.jpg,11,0,Salvini,anime opening,0
1019.jpg,156,1,Mattarella,chiamata senza risposta adesso sergio mattarella (5) ha squillato per 2 secondi whatsapp 1 nuovo messaggio adesso sergio mattarella dario qui è un casino! richiamami,0
1020.jpg,61,1,Mattarella,quando non vuoi tornare alle urne e nessun partito riesce a trovare un accordo per governare e quindi decidi di dare un ultimatum di 5 giorni a tutti i'm gonna do what's called a pro-gamer move.,0
1021.jpg,72,0,Renzi,-sto partito non se scioje co' un par de vaffanculo,1
1022.jpg,0,1,"Di Maio, Conte","matteo, ci hai fatto cadere quattro anni prima? ci ha fatto cadere quattro anni prima giuse? ma non lo so io chiedilo a lui! mi sta troppo sulle palle chiederlo a lui!",1
1023.jpg,152,0,0,berlusconi? a tatuarsi i peli pubici. renzi? a lezioni private d'inglese. di maio? incazzato sui social,1
1024.jpg,53,1,Salvini,la madonna denuncia salvini per stalking,1
1025.jpg,160,0,0,*orban ottiene i pieni poteri dal parlamento ungherese* intanto salvini: ogni italiano dovrà avere 7€,1
1026.jpg,248,0,Salvini,prima i coglioni,1
1027.jpg,105,0,0,ferie estive maratona televisiva enrico mentana,0
1028.jpg,33,1,0,ecco il nuovo governo,0
1029.jpg,0,0,0,"santanché soddisfatta che la sfiducia a conte sia in agenda il 20 agosto, avendo prenotato il giorno prima dal parrucchiere.",0
1030.jpg,6,0,"Di Maio, Conte",non ho bisogno di vicepremier a cazzaro!,1
1031.jpg,905,0,0,buonasera! sono massimo d'alema! pasca' vir' a chist' ca nun vo' pava' o' cunt!,1
1032.jpg,2182,0,Berlusconi,il contagio in lombardia lo abbiamo contenuto bene ce l'ho piccolo sono vergine odio la figa,1
1033.jpg,366,1,"Salvini, Conte",sindaco di turno che spiega che lo stadio non è una priorità,0
1034.jpg,37,1,Salvini,salvini finalmente incontra lo stronzo che ha fatto cadere il governo ad agosto,1
1035.jpg,12,0,0,"comunque, se volete, vengo io a governare in italia... a me qui è lungo il fatto!",0
1036.jpg,97,0,"Grillo, Di Maio","""però 'n po' me manca"" ""ma sai quanti ne trovi mejo de quello?""",0
1037.jpg,2,0,Salvini,quando sei talmente inutile che per avere visibilità devi denigrare il prossimo,1
1038.jpg,36,0,0,ed ora parliamo del ritardo mentale di quelli  che lo chiamano il mio capitano,1
1039.jpg,213,0,0,me: salvini merda. leghista: e allora renzi... me: renzi merda. leghista:,1
1040.jpg,91,1,Mattarella,"oh oh! non dirmelo, è caduto il governo vero? già ed è il momento delle consultazioni come sempre e andiamo...",0
1041.jpg,320,0,0,quando vai ad un comizio di salvini e ti ritrovi in mezzo a dei cinquantenni con la terza media è proprio una caratteristica particolare di questo luogo,0
1042.jpg,9,0,0,"mi scusi signora questo posto è riservato ai disabili. sono comunista. scusi il disturbo, buon viaggio",1
1043.jpg,40,1,Salvini,italiano 46 anni cerco finanziatore per macchina di fango se puoi condividi #legarublona,0
1044.jpg,150,0,0,quando un sinistrello si gioca la carta dei fondi russi e allora gli dai il colpo di grazia parlando del tesoro del p.c.i. anch'esso proveniente dalla russia the sniper,0
1045.jpg,1302,0,"Salvini, Conte","compà, arritiriti ca tieni a capo pe sparte i recchie",1
1046.jpg,133,0,0,avrò un governo tutto mio salvini con la meloni e squillo di lusso (berlusconi),1
1047.jpg,98,0,Salvini,"ieri sera, guardando la tv mia figlia mi ha chiesto ""papà, ma perché insisti a fare ste figure demmérda?""",1
1048.jpg,56,1,Salvini,con l'aiuto del sacro cuore imm... ebbasta!!!,1
1049.jpg,51,1,Salvini,"jocker o due-facce? le pagliacciate portano l'italia in recessione 8 agosto inutile andare avanti, si restituisca la parola agli elettori 15 agosto non ho mai detto di voler staccare le spina al governo gd giovani democratici chieri noi non ci stiamo!",0
1050.jpg,122,1,Salvini,tutte le mattine ti chiedo consiglio. però poi fai come cazxo ti pare,1
1051.jpg,17,0,"Salvini, Conte, Di Maio",salvini: ritiro la sfiducia conte: pijatela nel culo,1
1052.jpg,189,0,"Mattarella, Zingaretti, Gentiloni",ronaldo 200! passo lascio vaff...,1
1053.jpg,99,1,Conte,italo calvino il bisconte dimezzato classici moderni oscar mondadori,0
1054.jpg,31,0,"Di Maio, Salvini","""senti lui', sto nella merda... ti va bene se fai tu il premier e ti offro un aperitivo al papeete?""",1
1055.jpg,276,0,Conte,"se in questo momento così delicato tu me facessi un tweet de sostegno me daresti 'n po' d'ossigeno! vabè vabè lascia er nome alla segretaria... vedo quello che posso fa! donald j. trump starting to look good for the highly respected prime minister of the italian republic, giuseppi conte. represented italy powerfully at the c.7. loves his country greatly & works well with the usa. a verytalented man who will hopefully remain prime minister!",0
1056.jpg,100,1,0,governo 5s+pd elezioni anticipate mattarella imperatore,0
1057.jpg,467,1,Salvini,"ciao piccolo, la vuoi la barchetta? cose a caso.org salvini",0
1058.jpg,46,1,"Salvini, Meloni",dirty dancing hit maniac,0
1059.jpg,13,0,"Mattarella, Salvini","""e vabbè dai... se semo fatti na passeggiata""",0
1060.jpg,18,0,0,italiano informato che mi ripete quali potrebbero essere gli effetti della crisi di governo io che seguo la faccenda solo per fare meme.,0
1061.jpg,3,1,0,intitolata a salvini in questo ministero lavorò matteo salvini capitano di sventura 15 agosto 2019 la sala giochi del viminale,0
1062.jpg,91,0,Salvini,siamo il baluardo della cristianità! lasciami... lasciami... che gli devo menare!,1
1063.jpg,22,0,0,politici italiani sui social: politici italiani nella vita reale:,0
1064.jpg,0,0,0,quando la politica era una cosa seria,0
1065.jpg,2,0,Salvini,only big black cock,1
1066.jpg,22,0,draghi,3 parole 18 lettere dille e sarò tua mario draghi premier,0
1067.jpg,3,0,0,io che me so' giocato mezza piotta cor carota che il governo cadeva carota avvelenato matteo renzi che ancora non ha capito che non lo fanno premier,0
1068.jpg,4,0,0,"**letteralmente tutto l'anno** ""il pd ha intenzione di allearsi col m5s?"" renzi no",0
1069.jpg,55,0,Conte,...però arriva il momento in cui dici: abbasta!,0
1070.jpg,65,0,0,quando ti stai appartando con una tipa e fai capire con pacatezza al tuo amico di andarsene,0
1071.jpg,65,1,Salvini,nonna! hanno fatto er governo che vordi...? che te la piji n'der culo!,1
1072.jpg,21,0,Salvini,"non sa parlare in italiano corretto, non ha un lavoro vero e vive a spese degli italiani. è matteo salvini",1
1073.jpg,18,1,"Mattarella, Casalino, Bonafede, Di Maio, Conte, Zingaretti, Renzi","un mattarello per domarli, un mattarello per trovarli",0
1074.jpg,6,0,"Salvini, Conte, Di Maio",si chiamava capitano,0
1075.jpg,23,0,"Berlusconi,","silvio berlusconi cari italiani, in questo momento difficile per il paese volevo solo ricordarvi che a me piace un sacco la figa.",1
1076.jpg,323,0,Mattarella,"""la crisi va risolta in tempi brevi. senza una maggioranza solida la strada è quella del voto ma è una strada che non va percorsa con leggerezza"" che poi è un modo carino per dire ""m'usciau u cazzu""",1
1077.jpg,24,0,Renzi,scemo+scemo,1
1078.jpg,367,0,0,quando compri matteo salvini su wish @memesusalvini,0
1079.jpg,4,0,"Conte, Mattarella","""che è successo"" ""me so rotto er cazzo"" leonardo sciascia opere adelphi piazza grande mezzogiorno",1
1080.jpg,6,1,0,scarso sharing denunce il ritorno di adrian qualsiasi meme crisi di governo,0
1081.jpg,106,0,0,quando c'è la crisi di governo prima di ferragosto enrico mentana italiani,0
1082.jpg,9,1,0,"ehi, blatta. perchè esci solo di notte? per non vedere la tua faccia di m####!",1
1083.jpg,252,0,Mattarella,io te l'avevo detto de venì con me a cracovia! te presento agnieszka! cia siergio! passata tua crisi? cioè... questi me pijano pure pe' 'r culo!,1
1084.jpg,3299,0,Renzi,noi gungan con cinco stele ha intesa me maxi gioia,0
1085.jpg,27,0,0,quando voti il governo che ti promette di più e alla fine ti ritrovi ad arrangiarti da solo,0
1086.jpg,12,0,0,facts. salveeni è un coglione,1
1087.jpg,5,0,0,giuseppe conte. salvini e meloni. *quello che semini*,1
1088.jpg,19,0,"Berlusconi, Salvini","quando fa caldo, c'è afa, fail il wod e stai per morire... ma puoi sempre contare sul tuo amico al box",0
1089.jpg,13,1,Salvini,"""quando smetterò di fare politica tornerò al mio vecchio mestiere"".",0
1090.jpg,17,1,Zingaretti,fammi la tua faccia da guerra,0
1091.jpg,3492,1,Conte,vertice ue. conte sostituito da una sagoma di cartone ma nessuno se ne accorge,1
1092.jpg,25,0,"Salvini, Mattarella","teni, beddu r'u nonnu. cu' sti 5€ va' 'ccattiti nu ggilateddu",0
1093.jpg,456,1,0,1 sergio mattarella 2 sergio mattarella 3 sergio mattarella 4 sergio mattarella 5 sergio mattarella 6 sergio mattarella 7 sergio mattarella 8 sergio mattarella 9 sergio mattarella 10 sergio mattarella,0
1094.jpg,20,0,0,"""canà, tagliamo i parlamentari!"" ""...fra 5 anni"".",0
1095.jpg,597,1,Renzi,matteo renzi. cazzo mene. ghalì. lunga vita a sto,1
1096.jpg,57,0,Salvini,salvini giura sul vangelo. certo che fa sempre impressinoe vedere un leghista con un libro in mano.,1
1097.jpg,7443,0,M5S,"aspettate, sta per dire qualcosa di stupido",1
1098.jpg,334,1,0,che estate fantastica!,0
1099.jpg,14,0,"Mattarella, Conte","""che fai stavolta, te fermi 'n po' de più!?"" ""e che te devo di'... co i regazzini appresso è sempre 'n casino!""",0
1100.jpg,14,0,"Conte, Toninelli",beato te da che nun ce capisci 'n cazzo,1
1101.jpg,10,0,"Salvini, Conte",quando sei seduto e vedi passare un bel culo,1
1102.jpg,155,0,Salvini,il quiz di oggi. trova le differenze,1
1103.jpg,11,1,Salvini,merdaccia,1
1104.jpg,1834,0,Renzi,piddinacci schifosi piddinacci ahahahahahah piddinacci ahahahahahahahahah,1
1105.jpg,7,0,0,di maio casaleggio governo,0
1106.jpg,60,0,Conte,"il cervello di salvini è così piccolo che, quando due pensieri di incontrano, devono fare manovra.",1
1107.jpg,52,0,"Di Maio, Conte, Salvini","""hai pestato i piedi alla puttana sbagliata""",1
1108.jpg,178,0,0,"ti prego,ripetilo ancora. salvini merda",1
1109.jpg,229,0,Conte,"donald j. trump starting to look good for the highly respected prime minister of the italian republic, giuseppi conte. represented italy powerfully at the c.7. loves his country greatly & works well with the usa. a verytalented man who will hopefully remain prime minister! ""dice che j'amo sbajato er nome ner tweet... te risurta?"" ""vabbè ma è uguale""",0
1110.jpg,436,0,Salvini,prima gli italiani starter pack. padania is not italy. senti che puzza scappano anche i cani. prima il nord. terroni e nergi stessa merda noi con salvini,1
1111.jpg,15,0,0,"vladimir, ti interessa l'affare immigrati? ascolta culona, non stai parlando con quel coglione di renzi!",1
1112.jpg,3,0,Mattarella,me faccio vivo io,0
1113.jpg,3,0,0,salvini 5 stelle pd,0
1114.jpg,13,1,0,"ah shit, here we go again",1
1115.jpg,1320,0,"Conte, Salvini","""sta mano po esse fero o po esse piuma...""",0
1116.jpg,12,0,"Mattarella, Berlusconi, Bernini, Gelmini, Tajani","...e poi gli ho detto: ""mattè, finché c'è figa c'è speranza, stai sereno""",1
1117.jpg,37,0,"Salvini, Conte",mica t'avevo riconosciuto vestito,0
1118.jpg,2978,0,Mattarella,ma porco di,1
1119.jpg,5,1,Meloni,ambrogio la mia non è proprio fame... è più voglia di riproporre un passato glorioso mai esistito buttandomi in politica interpretando il ruolo eteronormativo e maschilista della donna sovranista inconsapevole del fatto che le mie ambizioni non saranno soddisfatte e finire a fare la paraspifferi sovranista del futuro governo salvini.,1
1120.jpg,6,1,Di Maio,i 10 punti per il pd,0
1121.jpg,3,0,"Salvini, Conte",e comunque pisa merda,1
1122.jpg,4,1,"Conte, Salvini","non c'hai capito niente, eh? te lo rifaccio se vuoi",0
1123.jpg,66,1,Salvini,molti nemici molto stronzo,1
1124.jpg,51,1,PD,pezzi dimmerda,1
1125.jpg,29,0,0,"""amma fa l'alleanza!"" ""primm' sentimm che dice russò""",0
1126.jpg,521,0,0,quando senti conte cazziare in diretta salvini e la meloni,1
1127.jpg,134,1,0,problems stress pain io maratona mentana,0
1128.jpg,5490,0,"Conte, Salvini","è finita matteo, sto più in alto di te",0
1129.jpg,75,0,Salvini,gamba di legno. braccio di ferro. testa di minchia,1
1130.jpg,22,0,0,"roma, via del nazareno, 26 agosto 2019. un zingarettiano e un renziano trovano l'intesa sul programma di governo da presentare al movimento 5 stelle.",0
1131.jpg,784,1,Mattarella,italy parental advisory eman rus,0
1132.jpg,172,0,0,argomentazioni ragionate ben formulate condite con dati a sostegno di cio che stai dicendo sinistroide ignorante che ti risponde cantando bella ciao,0
1133.jpg,654,1,Salvini,buona sera amiciche fate io mi mangio il fegato,0
1134.jpg,8463,0,0,"""what about thor?"" ""offworld"" ""doctor strange?"" ""unavailable"" ""captain salvini?"" ""at papeete""",0
1135.jpg,3,0,Salvini,"un raro esemplare di matteo salvini sul luogo di lavoro, con le fotografie dei santi e della propria figlia (""lasciamo fuori i figli dalla politica!"") rivolte verso l'esterno, verso l'obiettivo della fotocamera. deve trattarsi di un'usanza padana.",0
1136.jpg,36,0,0,conte: docente universitario conte: durante il governo giallo verde conte: quando è venuto a sapere della crisi di governo conte: con il discorso sulla crisi di governo conte: alla nomina di mattarella,0
1137.jpg,28,0,0,renzi zingaretti di maio conte salvini,0
1138.jpg,518,1,Conte,"this is unfair our avvocato difensore degli italiani is a conte. it's not fair, you have no rights, and he's not a lawyer. we just keep him here because he's fun. look at him go!",1
1139.jpg,50,0,Salvini,a noi gabbiani de roma ce piace rovista' nella monnezza non nella mmerda!,1
1140.jpg,8,0,PD,"costituente delle idee una, o nessuno, firma la petizione.",0
1141.jpg,129,1,Salvini,italia corruzione precarietà fissa debito pubblico scuole senza fondi grandi opere inutili unione europea,0
1142.jpg,8,1,Salvini,maalox,0
1143.jpg,23,0,Di Maio,la vera crisi è se non mi ridanno il posto di bibitaro al san paolo,0
1144.jpg,84,1,M5S,stop bullismo! basta violenza sui siti che non funzionano,0
1145.jpg,22,0,0,"quando ho chiesto un ""toscano"" mi riferivo a un sigaro non ad un cazzaro. renzi sbarca a cuba",1
1146.jpg,115,1,Salvini,merdman,1
1147.jpg,162,1,"Salvini, Conte",il mes... hai rotto il cazzo!!,1
1148.jpg,21,0,0,prove di alleanza,0
1149.jpg,72,0,0,"m- ma... sta per dire la sua prima parola! mattarella è un comunista, prima gli italiani!1!!",0
1150.jpg,473,0,Salvini,"tutti quanti dicono ""salvini razzista"" ""salvini fascista"" ""salvini troglodita"" ma nessuno dice mai come stai salvini ?",1
1151.jpg,25,1,Salvini,"coniglio, granchio, cane, gallo, lumaca, scoiattolo, coccodrillo, colomba, toro, alce, elefante, salvini",1
1152.jpg,31,0,Conte,"mi avete preso per un cogl***e? no, sei un eroe!",1
1153.jpg,52,0,0,liberateci stocazzo,1
1154.jpg,21,0,Salvini,quando la mamma ti sgrida e sai che ha ragione,0
1155.jpg,10,0,Salvini,"quando sei in calo nei sondaggi e decidi di tagliarti la barba e fai capire a tutti che l'espressione faccia da culo non è solo in senso figurato, ma anche in senso letterale",1
1156.jpg,8557,0,"Renzi, Di Maio","non sono professionisti, sono presi dalla strada",1
1157.jpg,604,0,Salvini,chi per la fretta caca nell'ortica spesso il culo gli formica,1
1158.jpg,102,0,"Mattarella, Salvini, Meloni",ehi! tu bifolco e tu ducetta da fiera... smettete di fare gli idioti!,1
1159.jpg,543,0,Salvini,"hey tu, si dico proprio a te. sei ignorante? ritardato? analfabeta? la lega cerca gente come te!",1
1160.jpg,50,1,Mattarella,house of cacacards,1
1161.jpg,633,0,Salvini,tagliamo subito i parlamentari e poi andiamo al voto cosi rimaniamo qui per almeno altri 5 anni,0
1162.jpg,215,1,"Mattarella, Di Maio","""allora avete trovato un accordo?"" ""si presidè, però prima dobbiamo votare su rousseau"" breaking news mattarella scappa in messico la fuga nella notte: ""questi incapaci mi hanno rotto il ca**o""",1
1163.jpg,35,1,Salvini,@milanonobile carlo hebdo,0
1164.jpg,3,1,"Salvini, Meloni","impariamo a riconoscerli: virus, batteri, parassiti",1
1165.jpg,2132,0,0,"si torna alle erezioni! il governo cade, tu no.",0
1166.jpg,87,1,Di Maio,questa lega è una vergogna,1
1167.jpg,142,1,"Salvini, Conte, Di Maio","io ad agosto stavo qua a lavorare, tu dov'eri?!",0
1168.jpg,152,0,0,quando incontri salvini e sai che è indagato. magari lo arrestano e ce lo leviamo dalle palle!,1
1169.jpg,125,0,Salvini,quando c'era lui,0
1170.jpg,38,0,Salvini,pieni poteri?,0
1171.jpg,8,0,0,... e concludo con hashtag #salvinimerda,1
1172.jpg,497,0,0,#error!,0
1173.jpg,2343,0,"Conte, Casalino",ogni nazione ha la first lady che si merita !!!,1
1174.jpg,158,1,Di Maio,una rara immagine di di maio che esordisce agli esteri,1
1175.jpg,53,0,0,quando sei comunista e senti berlusca dichiarare che il governo pd/m5s è di destra sinistra,0
1176.jpg,32,0,"Salvini, Di Maio",reo con fesso,1
1177.jpg,17,0,Conte,"""te sei cacato sotto eh?"" ""eh, 'n pochetto""",1
1178.jpg,21,0,0,metti la sfiducia togli la sfiducia,0
1179.jpg,94,0,"Salvini, Renzi",matteo matteo che rimprovera matteo. matteo confuso nel vedere matteo che rimprovera matteo.,0
1180.jpg,12,0,Meloni,governo pd - m5s 100% in olio d'ulivo,0
1181.jpg,116,1,Mattarella,"taglio dei parlamentari e poi subito al voto? la mossa di salvini è ""inconciliabile"" con la carta e mattarella aveva già avvertito i partiti edgeworth you are not a clown. you are the entire circus.",0
1182.jpg,564,0,Conte,4 cose inutili:,1
1183.jpg,188,0,"Meloni, Salvini","molti si fanno abbindolare, sia dalla meloni che da salvini co sta cosa che tutti gli altri sono attaccati alle poltrone tranne loro. la meloni la manteniamo noi dal 1998, salvini dal 1993. la loro non è una poltrona. è un divano-letto ormai. #wakeup",0
1184.jpg,92,1,Di Maio,elettori m5s si deciderà se fare il governo col pd sulla piattaforma privata rousseau that's perfect!,0
1185.jpg,27,0,Salvini,cacca nera,1
1186.jpg,10,0,0,lega e fratelli d'italia chiedono elezioni subito mattarella,0
1187.jpg,47,1,Salvini,c'e' puzza di cani sono arrivati napoletani e siciliani forza vesuvio forza etna lavali col fuoco,1
1188.jpg,67,1,Salvini,"voi di ""o strunz"" sarete i primi ad essere deportati",1
1189.jpg,3,0,0,pd: la decisione da prendere è dentro di te! ed è... sbajata!,0
1190.jpg,22,1,Salvini,tra qualche anno… ridiamo per non piangere chi fece cadere il primo governo conte nell'agosto 2019? a massimo d'alema b una buccia di banana c il gabibbo d matteo salvini,0
1191.jpg,522,0,Salvini,"no, niente. mi spiace, è vuoto",1
1192.jpg,3,0,Salvini,ore 16: rifarei tutto ore 20: ritiro la sfiducia,0
1193.jpg,2,0,"Salvini, Conte",matteo te l'ho detto mille volte la mia mamma è più bella della tua.,0
1194.jpg,203,0,0,types of headaches migraine hypertension stress following italian government crisis,0
1195.jpg,280,1,Mattarella,"quando ti dicono: ""ma a me la professoressa delle superiori ha insegnato così""",0
1196.jpg,52,1,0,quando mattarella convoca nuove consultazioni per martedì,0
1197.jpg,91,1,Salvini,dra-culo,1
1198.jpg,41,0,Boldrini,sto tornando merde,1
1199.jpg,50,0,0,"male, female, white, black, rich, poor, gay, straight, sto al fianco del tabaccaio e al cuore immacolato di maria",1
1200.jpg,8,0,0,quando fai un meme che critica il capitano e i leghisti si offendono,1
1201.jpg,6,0,0,"buonasera, sono jean-jacques rousseau. con la voce di mattarella",0
1202.jpg,35,0,"Mattarella, Casellati","sono tornata presidè che culo i love #governodelcambiamento attenzione, un like alla nostra pagina potrebbe aiutare i poteri forti.",1
1203.jpg,23,0,"Grillo, Renzi",vaffanculo day. vendoilculo day,1
1204.jpg,1148,0,"Conte, Di Maio","quando lui, orgogliosamente, ti presenta usando il termine ""compagno"" e non quello di ""amico""",0
1205.jpg,1297,0,0,che bel pappagallo. che bel pappagallo. sei un coglione. sei un coglione. salvini è il mio capitano. sei un coglione,1
1206.jpg,100,1,Salvini,pd: si spacca consenso della lega: stonks,0
1207.jpg,283,0,0,veramente a me salvini me sta qua,0
1208.jpg,128,0,Sgarbi,"hai preso un sacco di like con i meme, non rompere i coglioni",1
1209.jpg,24,0,"Conte, Mattarella","""che è successo?"" ""me sò rotto er cazzo"" #lepiubellefrasidiosho",1
1210.jpg,148,0,0,oh yeah baby! dimmi che cosa desideri! parlami come se tu fossi un amante idiota! chiudiamo i porti! questo è perfetto!,1
1211.jpg,307,0,Casalino,minchia! adesso chi lo dice a casalino che si è giocato il ferragosto anche quest'anno?,1
1212.jpg,31,1,Conte,presidente del consiglio fucks hard salvini and meloni,1
1213.jpg,15,1,Conte,tutto a posto! go go,0
1214.jpg,74,0,0,#salvinimerda #dejomerda,1
1215.jpg,54,0,Salvini,cos'è questa storia che non mi danno la pistole perché sono un pistola?,1
1216.jpg,17,0,Lega,hey ritardata. ritardata? ahhh,1
1217.jpg,347,0,Conte,te potrebbe interessà un posto da amministratore de condominio?,0
1218.jpg,583,0,0,"governo, la mezza marcia indietro di salvini ""dialogo con m5s il mio telefono è sempre acceso"" si è cagato sotto il caghetta",1
1219.jpg,131,0,0,a me la lista ministri piace. non c'è salvini,0
1220.jpg,47,1,Di Maio,piattaforma russò,0
1221.jpg,25,0,"Salvini, Conte, Di Maio",aspetta manca ancora la parte in cui parlo del lavoro di tua sorella,1
1222.jpg,104,0,Salvini,io sono un fascista di merda. intervista allo specchio. prefazione di un lecchino qualunque. io sono un fascista di merda - interista a capo all'ingiu',1
1223.jpg,431,0,0,non è proprio fame è più voglia di governo tecnico,0
1224.jpg,1,0,D'Alema,"110 verticale in italia lo è il popolo (7 lettere) ""sovrano"" ""fottuto""",1
1225.jpg,12,1,"Berlusconi, Salvini, Di Maio","dudù didì when you realize that ""di maio - salvini"" is the anagram of ""anima di silvio""",0
1226.jpg,92,1,"Conte, Di Maio",biiiiiissssssss!!!,0
1227.jpg,1491,0,Conte,"devo fare nomi è cognomi, matteo salvini e giorgia meloni l'interprete",1
1228.jpg,6,0,0,"l'ho già scritto salvini merda oggi? sì, l'ho già scritto.",1
1229.jpg,42,1,Salvini,quando chiedi i pieni poteri ma l'unico che ti viene concesso è quello del cristallo di luna,0
1230.jpg,6,1,Di Maio,e la luna rousseau,0
1231.jpg,30,0,0,righeira lo stato sta finendo,0
1232.jpg,195,1,"Conte, Mattarella, Berlusconi, Salvini, Di Maio","""che è successo?"" ""me so rotto er cazzo"" abbiamo restituito la legislatura sabaudia beach pil, conte: ""il 2019 sarà bellissimo, per l'italia ripresa incredibile"" il premier in un'intervista a ""povera patria"": ""con salvini e di maio nessuna divergenza""",1
1233.jpg,61,1,Salvini,game of polthrones,0
1234.jpg,13,0,0,legaioli! andate tutti quanti affanculo!,1
1235.jpg,6,0,Salvini,"lo stolto guarda il dito. tu sei il potere, vuoi essere assolto o condannato?",1
1236.jpg,69,0,0,"male, female, white, black, rich, poor, gay, straight, elettore medio di salvini",1
1237.jpg,1,0,Di Maio,che poi a me questo russo' mi è sempre stato sul cazzo,1
1238.jpg,2902,0,"Di Maio, Salvini, Conte","""signor salvini mi parli del nervo trigemino"" oh merda se parlo di quello mi sputtano, parlo di altro tanto nessuno se ne accorge",1
1239.jpg,11,1,Lega,se aumenta l'iva e vuoi sapere perché #citofonarelega,0
1240.jpg,168,0,0,"viaggiatore nel tempo: in che anno siamo? io: 2019, siamo nel pieno della crisi di governo viaggiatore: ah, prima che venga fatto un governo pd-m5s con fico presidente del consiglio che verrà ricordato come il governo peggiore del 21° secolo io:",0
1241.jpg,2,0,Mattarella,"breaking news mattarella: ""andate a fanculo"" mattarella vola a ibiza per il weekend: ""lasciate che si uccidano tra di loro""",1
1242.jpg,30,1,Mattarella,io solo qui alle quattro del mattino l'angoscia e un po' di vino voglia di bestemmiare,0
1243.jpg,18,0,"Renzi, Di Maio","l'italia finalmente avrà un governo con i ""coglioni""",1
1244.jpg,55,1,"Di Maio, Zingaretti",io non ho ucciso il tuo governo io sono il tuo governo!!! nooooo però... dai... potrebbi chiedere a russò?,0
1245.jpg,19,0,"Salvini, Conte, Di Maio",game over,0
1246.jpg,26,0,0,"ragazzi, per allearci con il pd serve una svolta politica seria. gianluca, metti like sotto i post di emiliano scinicariello! laura, comprati un tailleur fucsia come pina rosato! giorni complicati per i cinque stelle...",0
1247.jpg,41,0,0,end world hunger. end world poverty. end salvini's life,1
1248.jpg,6,1,"Salvini, Berlusconi, Conte, Di Maio, Zingaretti, Renzi",la vignetta di ynot scacco matto?,0
1249.jpg,106,0,Salvini,"obran: ""vietato il cambio di sesso"". tranquillo, non diverrai mai una testa di fica.",1
1250.jpg,1547,0,0,cosa fa il cuore: porta il sangue ricco di ossigeno al cervello. cosa fa un rene: porta le scorie del metabolismo alla vescica. cosa fanno i coglioni: pensano che il problema del nostro paese sia l'immigrazione clandestina,1
1251.jpg,233,1,"Conte, Di Maio",-chi ha responsabilità di governo dovrebbe evitare di accostare nei comizi slogan con simboli religio-,0
1252.jpg,454,0,0,aggiornamento in tempo reale della crisi di governo,0
1253.jpg,19,1,Conte,dobby non ha padrony dobby è un elfo libero,0
1254.jpg,34,1,Di Maio,"salvini io ti amo, ti amo, ti amo, ti amo, ti amo, ti amo, ti amo, ti amo, ti amo, ti amo, ti amo, ti amo... chi è che rompe er cazzo a st'ora de notte... ma che ""ami"" ao'! ma chi cazzo sei?! cambia spacciatore ao'!!!",1
1255.jpg,735,1,M5S,affogare i bambini in mare con la lega fare l' elettroshock ai bambini con il pd,0
1256.jpg,565,0,"Salvini, Di Maio","e dai, rispondi ho fatto una cazzata torniamo come prima ancora quell'altro ?! basta la frittata è fatta, oh",1
1257.jpg,239,0,"Salvini, Conte",matteo hai rotto il cazzo co sto sacro cuore di maria,1
1258.jpg,93,1,0,666 televideo le bestie di satira politica crisi di governo. salvini cerca di maio tra le stanze di palazzo chigi e lo trova nel ripostiglio insieme a zingaretti.,0
1259.jpg,697,0,Meloni,no agli sbarchi di teste di cazzo!,1
1260.jpg,66,0,0,non è il momento delle polemiche siamo in una emergenza. salvini che sfiducia tutto: crisi di governo c*zzo tutti a votare,1
1261.jpg,71,1,"Salvini, Conte",quando un tuo compagno di classe faceva la spia dicendo tutto alla maestra e alla fine ti metteva pure fra gli artefici della bravata,0
1262.jpg,39,0,0,governo 5 stelle-pd ecco il primo disegno di legge,0
1263.jpg,324,1,0,la crisi di governo,0
1264.jpg,9,0,0,"italia, 18 maggio 2019. un pullman in evidente ritardo.",1
1265.jpg,460,0,Salvini,"@capitan.salvino ora che mi avete aperto i porti, vado a chiudere i laghi, i fiumi e pure le pozzanghere!!",0
1266.jpg,476,0,"Conte, Salvini","""con le interferenze sui ministri hai minato l'azione di governo. in coincidenza dei più importanti consigli europei non sei riuscito a contenere la foga comunicativa creando un controcanto politico che ha generato confusione"". per farla breve, si un ciessu!",1
1267.jpg,17,0,Grillo,...e allora il pd,0
1268.jpg,7,1,Salvini,*salvini fa cadere il governo salvini: perché cavalchi un cavallo in quel modo? non è un cavallo! #three.somia è un unicornoooooo,0
1269.jpg,146,0,0,hei sei sveglia? lasciami dormire ho sonno. la lega ha avuto il 24% alle europee. siamo nella merda,1
1270.jpg,6915,0,Conte,"""ma ti prego, se non ti dispiace, per amore del tuo povero e vecchio papà, tieni il porto aperto di dieci centimetri.""",0
1271.jpg,66,1,"Di Maio, Di Battista, Fico",non sono politici professionisti: sono presi dalla strada,0
1272.jpg,3,0,0,"dopo il bianco conte, la parola all'augusto salvini.",0
1273.jpg,659,1,Salvini,figure di merda. bufale e sciacallaggio. perfettamente bilanciato. come tutto dovrebbe essere,1
1274.jpg,3,1,0,co la sinistra manco le pippe vengono bene,0
1275.jpg,8,1,Salvini,"a casa con i suoi per lasciare il nido, alcuni uomini hanno bisogno di una piccola spinta",0
1276.jpg,385,0,Mattarella,come 'n sai se vieni? crisi de che? #leperleditrump crisi di governo ... sti giorni non mi posso muovere!,0
1277.jpg,9,0,"Salvini, Conte",quando vai al colloquio con i professori e sai già che a casa saranno c*zzi tuoi,1
1278.jpg,81,1,0,clandestino,0
1279.jpg,2050,0,Di Maio,"rapita da fondamentalisti islamici, ritorna convertita all'islam è possibile fare il reso?",1
1280.jpg,5,1,Lega,caga slavini strunzier,1
1281.jpg,6,1,Mattarella,il presidente mattarella accoglie la delegazione della lega,0
1282.jpg,4871,0,"Conte, Di Maio, Salvini, Mattarella",il governo entra in crisi. 5 secondi di penalità per vettel,0
1283.jpg,8,0,Salvini,prima l'europa! prima gli italiani. prima il nord! fanculo tutti! prima io!,1
1284.jpg,98,0,"Conte, Salvini","film: cane e gatto italia/usa: 1983 genere:commedia è la storia di un ""playboy"" e ""ladruncolo da strapazzo"", che viene ""ridimensionato drasticamente"" da un uomo per bene.",0
1285.jpg,121,1,Salvini,cazzate stellari,1
1286.jpg,4,0,Conte,"ah shit, here we go again",1
1287.jpg,74,1,0,"parola d'ordine, agente dana scully? #salvinisuca perfetto, può passare.",1
1288.jpg,65,1,0,salvini vaffanculo,1
1289.jpg,167,0,0,"ong: abbiamo violato i confini italiani e adesso abbiamo migliaia di euro di multa! io: oh, noo! lascia che prema f sulla tastiera più piccola al mondo",0
1290.jpg,31,0,PD,pd partito democratico ,1
1291.jpg,18,0,Salvini,che figura di merda,1
1292.jpg,19,1,"Di Maio, Salvini",falò di confronto immediato temptation island,0
1293.jpg,31,0,0,"si, io voto salvini. s-tupide zecche. a-nnate a morì. l-egalizza sto ca'. v-iva gli italiani. i-forza capitano. n-ammazziamo i ne*. i-vivo ancora con mamma",1
1294.jpg,1007,1,Conte,io sono professore di legge. e sti cazzi!,1
1295.jpg,6461,0,Conte,"insomma becco sta tipa, me fa ""me porti a casa?"". allora io ""ao ma che cazzo voi, ma che so tu padre?""",1
1296.jpg,68,1,"Salvini, Di Maio, Conte","signori, è stato un piacere governare con voi",0
1297.jpg,217,0,"Salvini, Conte","""ammazza oh, così sur cazzo te stavo?""",1
1298.jpg,191,1,Salvini,quando ti chiamano capitano e hai abbandonato la nave proprio nel momento di maggior bisogno,0
1299.jpg,29,0,0,non vorrei fare il rompi coglioni ma ci sarebbe quella cosa dei rubli da restituire!,1
1300.jpg,24,1,Salvini,pirla,1
1301.jpg,52,0,0,guarda che io a mi padre gli ho già sputato in faccia. attento piddino che nun ce metto niente! a me piddino?,1
1302.jpg,91,0,"Salvini, Conte",ma quindi così senza vaselina? eh sì,1
1303.jpg,10,0,Mattarella,"""ma che elezioni che ogni volta votate a cazzo""",1
1304.jpg,48,0,"Conte, Salvini","corriere della sera mezz'ora di colloquio al quirinale, conte si è dimesso: ""no a giravolte, mi assumo il coraggio che manca a salvini"" te avrai tirato fori er rosario ma io ho tirato fuori le palle""",0
1305.jpg,779,1,Mattarella,io che aspetto che arrivino le 15 per vedere la fine del governo,0
1306.jpg,193,1,0,come cagare in testa ai leghisti in sole 10 lezioni,1
1307.jpg,27,0,Lega,quando finisci la carta igienica ma in qualche modo devi pulirti il culo,1
1308.jpg,27,0,0,ipotesi prima donna a palazzo chigi. la madonna appunto,0
1309.jpg,31,1,Mattarella,mattarella reagisce all'ipotesi di un ulteriore governo lega-5 stelle,0
1310.jpg,75,1,Renzi,"idea regalo per natale. premi il pancino e lui spara una cazzata. a soli 80,00€",1
1311.jpg,216,0,Salvini,quando mancavano pochi giorni alla fine della scuola e dovevi recuperare dopo aver cazzeggiato tutto l'anno,1
1312.jpg,5,0,"Salvini, Conte","quando il prof ti dice ""ci vediamo al prossimo appello""",0
1313.jpg,39,1,Salvini,grazie terroni di merda,1
1314.jpg,85,1,Conte,ma?,0
1315.jpg,247,0,Zingaretti,che màl e càp,0
1316.jpg,18,0,Meloni,ritonnerò!,0
1317.jpg,39,1,Salvini,"ew, i stepped in shit.",1
1318.jpg,0,0,0,guarda non ti prendo a calci nel culo solo perché potrebbe piacerti,1
1319.jpg,25,0,0,io con la crisi di governo io senza la crisi di governo io con governo tecnico 5stellelegapdcraxi io con nuove elezioni,0
1320.jpg,4,0,"Conte, Salvini","da questo momento in avanti, sulla carta igienica fabbricata in questo nobile regno ci sarà... la tua immagine!",1
1321.jpg,132,1,"Salvini, Di Maio",lovely i wish i was the actual prime minister of italy is is done. poof nothing's changed. correct.,0
1322.jpg,7,0,"Conte, Salvini","..quasta volta lo devo dire, devo fare nome e cognome.. ..matteooo basta stronzatee",1
1323.jpg,1803,1,0,pensi sia giusto studiare c senza puntatori? si no,0
1324.jpg,702,0,0,"salvini dopo aver preso i propri effetti personali non trova l'uscita del viminale, essendo la prima volta che ci va",0
1325.jpg,4,1,"Meloni, Rosy Bindi, Vendola, Santanchè, Gelmini, Renzi, Casini, Minetti, Giannino, Grillo, Merkel, Berlusconi","teen, mature, anal, blowjob, cumshots, masturbate, voyeur, big tits, vintage, webcam, big butt, young/old",1
1326.jpg,57,1,Conte,la signora in rousseau,0
1327.jpg,336,0,Conte,"""aaaaaaah... senti che pace senza quei du rompicojoni""",1
1328.jpg,32,0,Salvini,quando dopo i decreti sicurezza contro gli immigrati fai cadere il governo ma scopri che lukaku è belga e ci va lo stesso da conte,0
1329.jpg,321,0,Salvini,"maalox! ultim'ora crisi, conferenza stampa di salvini",0
1330.jpg,34,1,"Conte, Salvini","49 milioni di rubli bacioni crisi, conte: ""salvini mi ha detto di volere il voto per capitalizzare il consenso. ora spieghi agli italiani. il governo non era in spiaggia""",0
1331.jpg,3,0,"Zingaretti, Renzi",chi t'ha dato 'sto fumo? dibba dar guatemala.. m'hai convinto..,0
1332.jpg,261,1,Salvini,"ha fatto più cose questo governo in un mese che il pd in 5 anni. certo, certo, ora però deve prendere le sue medicine.",1
1333.jpg,138,0,0,elezioni trash caffettuccio gratis per tutti alle 17:00 i tribunali saranno sostituiti da live - non è la d'urso tasse al 22% tranne per i fratelli rodriguez karina cascella ministro della giustizia barbara d'urso,0
1334.jpg,462,1,Salvini,no it doesn't affect my baby. 12 years later,1
1335.jpg,75,0,"Salvini, Conte",quando ai colloqui il prof che ti portava sulle palle iniziava a sputtanarti davanti a tuo padre,1
1336.jpg,698,1,Zingaretti,dopo attente ed accurate verifiche la direzione nazionale del pd ha deliberato che di maio può partecipare all'azione di governo ... come vice-spalatore di cacca di animali circensi,0
1337.jpg,35,0,0,lei: starà pensando ad un'altra. lui: ma se salvini dice di essere innocente sui fondi russi perché cazzo non riferisce in parlamento?!,1
1338.jpg,2,1,0,8 settembre 2019 grande fascista iniziano le selezioni del gf2,0
1339.jpg,228,1,Salvini,salvinicore #primagliitaliani core me gay gugugaga i eat shit this manis a clown,1
1340.jpg,1515,1,Conte,la vendetta dei parrucchiere,1
1341.jpg,13,1,M5S,movimento il blog delle stalle,0
1342.jpg,13,1,"Salvini, Mattarella",voglio pieni poteri!,0
1343.jpg,17,0,0,waiting for mattarella. fasten seat belt while seated life vest under your seat,0
1344.jpg,2,1,"Renzi, Conte, Di Maio, Zingaretti",gli italiani vogliono...erezioni subito!!!,0
1345.jpg,49,1,Salvini,addio! quando non la smetti di di cazzate,1
1346.jpg,82,1,"Salvini, Meloni, Berlusconi",fra coglioni...,1
1347.jpg,6,0,Salvini,"""5 euro. due canne, dai""",0
1348.jpg,1043,0,0,come sopravvivi senza cervello? prima gli italiani!,1
1349.jpg,256,1,Conte,quando per la seconda volta nel giro di due anni diventerai premier senza aver mai fatto politica in vita tua,0
1350.jpg,443,0,Salvini,quando fai il presepe e sbagli la misura dell'asino,1
1351.jpg,2,1,Di Maio,di maio vuole fare il ministro dell'interno !,0
1352.jpg,97,1,"Conte, Salvini, Di Maio","devi dimetterti da ministro degli interni! luigi, sto iniziando a pensare che salvini non sia quel ministro brillante come credevamo",0
1353.jpg,58,0,Renzi,"io so cosa hai fatto e so in che maniera rubi i voti alla gente onesta. quindi stai attento matteo, io tornerò... e piangerai lacrime amare.",1
1354.jpg,135,0,Salvini,da una parte l'essere più ottuso del regno animale. dall'altra c'è un asino che evidentemente non voleva incontrarlo,1
1355.jpg,37,0,Salvini,a noi piace di più vederti a testa in giu',1
1356.jpg,28,0,Bossi,lega nord. lega lize. perchè la lega è come la sega... un movimento del cazzo,1
1357.jpg,11,0,0,"un bacio, insomma, che cos'è mai un bacio? un apostrofo rosa fra le parole ""s'alvinimmerda""",1
1358.jpg,15,0,0,coglioni del nord italia,1
1359.jpg,5,0,Salvini,"""ce dovemo fa' co quer conticino?""",0
1360.jpg,148,0,0,io una sola cosa voglio sapere da te renzi: ma tu chi cazzo te credi di essere nel dire cosa volevano i morti a bergamo? moro? berlinguer? col cazzo che sei berlinguer!,1
1361.jpg,4,0,0,quando tutti i leghisti si uniscono in un comizio e iniziano a parlare tra di loro. apes together strong,1
1362.jpg,9,0,0,...il governo per me... lega/5stelle crisi di governo pd/5stelle forza italia,0
1363.jpg,43,0,0,governo soluzione,0
1364.jpg,1152,1,PD,sì dividiamo 'sta merda al 5% deve arrivare,1
1365.jpg,25,0,0,"dall'ultima lettera di pantoufle a salvini: in verità, in verità ti dico suca!",1
1366.jpg,10,0,Salvini,"a stronzo sei contento che m'hai fatto pure carcerà? a 'nfame, a 'nfamone",1
1367.jpg,91,0,0,"man, woman, white, black, poor, rich, asian, le pagine pro lega",1
1368.jpg,168,1,0,"sto tornando, merde!",1
1369.jpg,38,1,Conte,superpartes,0
1370.jpg,71,0,Conte,salsiccia o hamburger? sto in crisi,0
1371.jpg,14,1,"Di Maio, Conte, Salvini",ctrl alt canc,0
1372.jpg,181,1,0,quando provi a votare su rousseau ma il sito non carica,0
1373.jpg,24,0,Salvini,o' sapevo che facevo a cazzata,1
1374.jpg,3052,0,0,"crisi di governo, aumento dell'iva, non arrivo a fine mese... vabbè, domani l'empoli ha la prima gara ufficiale...",0
1375.jpg,97,0,Salvini,nella foto un nugolo di mosche irresistibilmente attratte,1
1376.jpg,1100,1,Salvini,il fumo causa ictus e disabilità,1
1377.jpg,10,0,0,sagre e selfie figure di merda felpe bacioni nutella pieni poteri processi non affrontati rosari promesse non mantenute,1
1378.jpg,50,0,"Conte, Salvini",hit maniac,0
1379.jpg,13314,0,Salvini,"matteo salvini: la scienza da sola non basta, riapriamo le chiese. media italiani: attenzione, sta per dire qualcosa di stupido",1
1380.jpg,1005,0,Salvini,"quando perdi il posto al viminale, ma sei ancora in tempo per andare a fare la chiusura della stagione ad ibiza",0
1381.jpg,70,1,0,tana per giuseppi il gioco delle poltrone,0
1382.jpg,2,1,Salvini,apocalypse now 20 agosto 2019 roma - palazzo madama,0
1383.jpg,163,1,"Salvini, Di Maio, Zingaretti",pnd,0
1384.jpg,5,0,0,"conte è salito al colle, per presentare a mattarella il nuovo modello di governo balneare, grazie al quale tutti i ministri sopravvivono, galleggiando.",0
1385.jpg,9,0,"Salvini, Di Maio",amo'...iscriviti e fai iscrivere tutta la tua famiglia sulla piattaforma rousseau,0
1386.jpg,9,0,"Salvini, Mattarella",ma almeno hai chiavato al papeete?,1
1387.jpg,221,1,"Di Maio, Conte",quando tua mamma sta cazziando tuo fratello e rimani in silenzio per non finire anche tu nel mezzo della questione,1
1388.jpg,806,0,"Berlusconi, Salvini",guarda co di maio ce so annato solo per capi quanto ce tenevi a me,0
1389.jpg,4,0,0,di maio fregna thanks to political power san paolo stadium di maio fregna thanks to political power,1
1390.jpg,17,1,Conte,io tifo conte,0
1391.jpg,16,1,Di Maio,a proprio posto. ogni regina sul suo trono e ogni pagliaccio nel suo circo,1
1392.jpg,695,0,0,io t'avevo chiamato pe sape come eri messo paa colazione de feragosto,0
1393.jpg,173,0,Salvini,"quando questa foto ti ricorda il film ""quasi amici"" però il bianco non ha un handicap motorio ma mentale",1
1394.jpg,23,1,Lega,lega pikachu premier,0
1395.jpg,177,1,Mattarella,"quando conte dà le dimissioni e c'è una nuova crisi di governo oh merda, ci risiamo",1
1396.jpg,181,1,Salvini,60 milioni stocazzo. salvini razzista di merda brindisi non ti vuole,1
1397.jpg,14,0,Salvini,affidati al cuore immacolato della vergine maria e pentiti. ma vaffanculo va.,1
1398.jpg,58,1,Mattarella,"breaking news mattarella accelera mandato esplorativo a kim jong-un ""è il candidato più preparato"", dichiara breaking news",0
1399.jpg,63,0,0,"""sei asociale"" ""sei brutto"" salvini non fa schifo. attento a come parli",1
1400.jpg,535,0,"Zingaretti, Gentiloni",ma fateme capi il segretario so io o renzi eeehhh che paroloni,0
1401.jpg,94,0,"Di Maio, Salvini",... dicono che abbiamo un deficit...? prima o poi dovevano accorgersene!,1
1402.jpg,370,0,0,"come mossa diversiva mi infiltrerò nelle trattative per il nuovo governo italiano, tanto questi non capiscono un ca**zzo",1
1403.jpg,8,0,0,andrà tutto bene ma salvini suca,1
1404.jpg,12,1,"PD, M5S",md movimento democratico,0
1405.jpg,9629,1,Renzi,matteo riesci a stare 5 minuti senza umiliarti?,1
1406.jpg,3903,0,"Conte, Salvini, Di Maio",la capacità di parlare non fa di te un essere intelligente,1
1407.jpg,112,0,0,end world hunger. end world poverty. incarcerare salvini,1
1408.jpg,21,0,0,"sea watch, salvini contro i giudici: ""mi vergogno per loro, sentenza politica e vergognosa"" senti padania hai rotto i coglioni! vuoi fare il giudice? fai il concorso!",1
1409.jpg,225,0,"Conte, Salvini","""e finisce così una stretta di mano un sorriso distratto, ah",0
1410.jpg,11,0,Mattarella,quando perdiamo il diritto di essere diversi perdiamo il privilegio di essere liberi. ovvero... lega merda,1
1411.jpg,176,0,"Salvini, Conte, Di Maio",samscemo&ast,1
1412.jpg,36,1,Conte,the vice of italy,0
1413.jpg,0,1,Salvini,ma primm i fa u scem ...che m'stier faciv...?,1
1414.jpg,163,0,Conte,"riassunto: stiamo lavorando, portate pazienza, giorgia e matteo avete rotto il cazzo.",1
1415.jpg,36,0,0,io con la crisi di governo io senza la crisi di governo io con governo tecnico io con nuove elezioni,0
1416.jpg,65,1,"Salvini, Conte","d'espresso li abbiamo cronometrati: è tutto vero il discorso della fine del governo è durato più del governo stesso. conte: ""potevo dire dracarys, ma ho preferito non sprecare risorse"" renzi: ""per governare ci vuole maturità. e poi salvini ce l'ha piccolo"" di maio: ""se io avrei fatto il presidente avesse andato meglio""",1
1417.jpg,21,0,"Conte, Di Maio, Salvini",il governo del fallimento è stato un anno disastroso,0
1418.jpg,54,0,Mattarella,"intanto, di nascosto...",0
1419.jpg,16,1,"Renzi, Zingaretti, M5S",cast it into the fire. destroy it! no.,0
1420.jpg,32,0,"Zingaretti, Di Maio, Salvini","basta litigare! prendetevi un suv, c'è posto per tutti. #cercasiscambisti popmove",0
1421.jpg,1376,0,0,ringrazio #libero per averci informati che carola si è recata in procura senza reggiseno. pregherei tuttavia chi ha scritto l'articolo senza firma di mettersi un paio di mutande in testa perché anche i voglini ostentati fanno un certo ribrezzo! grazie. libero di dire stronzate,1
1422.jpg,76,0,"Salvini, Conte",e tien pur e' corn,1
1423.jpg,1,0,"Salvini, Conte",mo do le dimissioni poi t'aspetto fori,1
1424.jpg,7,1,0,nonna dove vai? a montecitorio...,0
1425.jpg,1906,0,"Conte, Salvini","quando ti interroghi su chi abbia fatto affogare tutti i tuoi pacchetti. udp, io",0
1426.jpg,1,0,0,"salvini presenterà la mozione di sfiducia a conte, chiedendo che si voti contro, confermandogli il mandato.",0
1427.jpg,4,1,"Conte, Salvini",si fermi presidente è già morto,0
1428.jpg,45,1,Salvini,attenzione caduta governo ora basta ho chiesto tanto m'han dato zero,0
1429.jpg,33,0,0,io con la crisi di governo io senza la crisi di governo io con governo tecnico io con le nuove elezioni,0
1430.jpg,800,0,0,giuseppe conte 14 mesi di governo 20 agosto,0
1431.jpg,900,0,0,"signora, questo è il posto riservato agli invalidi. io sono calabrese e sto andando a pontida. mi scusi, faccia buon viaggio",1
1432.jpg,93,0,"Conte, Di Maio, Salvini",*la mia ragazza decide di non darmi più il culo* io: siamo al cospetto di una decisione oggettivamente grave che comporta conseguenze rilevanti,1
1433.jpg,302,0,"Salvini, Mattarella",basta governi non eletti dal popolo. gli italiani vogliono votare,0
1434.jpg,14,1,Meloni,piueuropaconmatteosalvini lezioni di diritto costituzionale a giorgia meloni 45 hanno firmato. arriviamo a 100.,0
1435.jpg,305,0,Conte,e se cade er governo? ma anche sti cazzi! ormai c'ho 'n curriculum da paura!,1
1436.jpg,28,0,Salvini,"""che posso parla' da l' banco?""",0
1437.jpg,26,0,0,"amore è finito activia e come faccio? accendi la tv... c'è renzi sulla rai. fa cagare lo stesso, anzi.. di piu'",1
1438.jpg,28,0,Renzi,"i have a dream. l'anagramma di ""dream"" è ""merda"". una coincidenza? io non credo",1
1439.jpg,235,0,0,quando sento dire che salvini vorrebbe abolire sia la scuola media che le vacanze estive: a te che non ti fai mai i cazzi tuoi. io ti odio!!!!!!!!,1
1440.jpg,18,0,0,quando i telegiornali trattano di politica e senti che c'è l'ipotesi di un governo giallorosso,0
1441.jpg,55,1,Di Maio,cameriera! cos'è questo schifo nel mio piatto? è il suo riflesso signore.,1
1442.jpg,1284,0,Mattarella,"parma - juve 2, fiorentina - napoli gol, udinese - milano under, cagliari - brescia 1, ...",0
1443.jpg,819,1,Salvini,"diciotti diciotti diciotti diciotti diciotti diciotti diciotti diciotti diciotti diciotti diciotti diciotti scusi, ma perché llei dice sempre diciotti? eccone n altro che nse fa licazzi sua, diciannovi!",1
1444.jpg,51,1,"Conte, Di Maio",ho imparato il tuo nome in inglese with you,0
1445.jpg,908,1,Conte,bella raga sto tornando m***,1
1446.jpg,4,1,Conte,"tutte le foto (23) giuseppe c. (1 recensione) un'esperienza da dimenticare... son finito in questa struttura per caso e alla fine ci son rimasto 14 mesi. troppi. le stanze sono belle e spaziose ma il vero problema erano i due coinquilini. in particolare matteo s. si è rivelato diverso da come sembrava. rientrava di notte vestito da poliziotto, non immaginate gli spaventi che mi son preso. poi ha trovato lavoro come dj e si esercitava ogni giorno alla consolle. che due coglioni.",1
1447.jpg,17,0,"Conte, Salvini",lo sai chi ti saluta? no. chi?,1
1448.jpg,289,0,Di Maio,e allora il pepeete?,0
1449.jpg,230,0,Salvini,ia intelligenza artificiale. dn deficienza naturale,1
1450.jpg,450,0,"Salvini, Conte","""mattè sa staffa e mi che andò""",0
1451.jpg,97,1,Lega,voto subito rifare il governo lega salvini v for volt,0
1452.jpg,142,0,Salvini,pimples? zero. blackheads? zero. cromosomi? zero,1
1453.jpg,11,1,Salvini,samerda,1
1454.jpg,24,1,Conte,il governo è servito,1
1455.jpg,581,0,Salvini,quando sali tutto convinto sulla tua ruspa per asfaltare i campi rom ma poi è conte che asfalta te,0
1456.jpg,43,0,0,disastri naturali eruzioni incendi tsunami tornado alluvioni frane tormente siccità valanghe grandinate nuovo governo italiano terremoti *popcorn popping* v for volt,0
1457.jpg,9579,0,"Salvini, Meloni",si mise insieme ad un nazista conosciuto in una rissa,1
1458.jpg,72,1,"M5S, Lega, PD","32%+17%=49% rappresenta gli italiani! 32%+19%=51% non rappresenta gli italiani! ""la scienza non ha ancora dato una spiegazione a tutto questo""",0
1459.jpg,80,1,Renzi,per meriti umanitari è stato proposto come prossimo papa col nome di... pio perculo,1
1460.jpg,18,0,Salvini,mi fotto gli immigrati ogni sabato,1
1461.jpg,3,1,"PD, M5S",pd boom! movimento boom,0
1462.jpg,360,1,Mattarella,architrash vs fight!,0
1463.jpg,502,0,0,"festa della mamma, salvini: ""auguri a tutte, ma non a genitrici 2"" auguri coglione 1. festa della mamma, salvini: ""niente auguri alle 'genitrici 2'"" auguri coglione 1.",1
1464.jpg,1,0,0,crisi di governo: salvini un attimo prima e un attimo dopo,0
1465.jpg,158,0,Conte,beach tour cancellato e crisi di governo. salvini è come quel collega che va in ferie a giugno e poi ad agosto ti manda sei mail al giorno. #opinionismi,0
1466.jpg,3,0,0,"di maio avvia le interlocuzioni, ma poi gli si spegne l'auto al bivio fra lega e pd.",0
1467.jpg,2041,0,Conte,"dopo la mano della regina elisabetta, anche l'italia ha deciso di dotarsi di un premier finto solo per salutare la gente",1
1468.jpg,20476,0,"D'uva, Di Maio",dopo la zecca spagnola il prossimo colpo sarà alla banca d'italia,0
1469.jpg,24,0,Salvini,salvini mentre controlla di avere ancora tutti i suoi elettori,1
1470.jpg,25,0,0,renzi dice che zingaretti ha ricevuto un mandato forte! e noi immaginiamo dove,0
1471.jpg,12,0,Mattarella,"""ma cu minchia è russò?""",1
1472.jpg,308,1,D'Alema,stranger things 2,1
1473.jpg,1307,0,0,giuseppe lo vuoi il prestito,1
1474.jpg,1918,1,Giovanardi,stai sulle mie palle quindi spostati,1
1475.jpg,67,0,"Salvini, Conte","io: settembre è ancora lontano!! #summer2k19 #partyhard #vidaloca #positivevibes #holidays #relax la mia coscienza: questa tua concezione permettimi di dirlo, mi preoccupa",0
1476.jpg,207,0,Salvini,"salvini che bacia il rosaio in aula mentre conte parla. senato, conte: ""non te l'ho mai detto, matteo, non si accostano slogan politici a simboli religiosi"". discorso di conte, culo di salvini",1
1477.jpg,1065,1,D'Alema,"oh hey john! speak of the devil! did somebody speak of me??? n-no massimo, it's just a figure of speech... oh. y'know, i get lonely fuori dal parlamento",1
1478.jpg,1914,1,Di Maio,let's fight somewhere empty,1
1479.jpg,397,1,"Berlusconi, Di Maio, Meloni, Salvini, Zingaretti",parole parole parole parole parole parole parole fatti,0
1480.jpg,107,0,"Di Maio, Boschi",o famo strano?,0
1481.jpg,17,1,Salvini,ultimo tentativo di salvini per convincere di maio. lo vuoi un palloncino giallo-verde?,0
1482.jpg,2443,0,PD,"hey, pd knock once if you really are di sinistra",1
1483.jpg,23,1,Salvini,poliscemo,1
1484.jpg,1,1,Di Maio,luigi di maio vieni avanti cretino regia beppe grillo con alessandro di battista e paola taverna,1
1485.jpg,8,1,"Zingaretti, Di Maio, Mattarella",nun me fate incazzà! ridete che ce guardano!!,1
1486.jpg,516,0,0,"male, female, white, black, rich, poor, gay, straight, salvini non mollare!1",1
1487.jpg,67,0,0,prendilo! provalo per 30 giorni… se non ti piace puoi tornare a votare m5s.,1
1488.jpg,157,0,Cuperlo,"cuperlo, la sinistra e le scimmie",1
1489.jpg,433,1,Di Maio,space x: le sorprendenti immagini del manichino alla guida della prima auto lanciata nello spazio,1
1490.jpg,38,1,"Salvini, PD",se fai un governo coi 5 stelle per carità non toccare la tav!,0
1491.jpg,52,0,0,di maio. conte. salvini. conferenza stampa,1
1492.jpg,10242,1,Salvini,"tutti quanti dicono ""salvini razzista"" ""salvini fascista"" ""salvini troglodita"" ""e ho capito... ma se è vero!""",1
1493.jpg,68,0,0,"salvini, europa. state pronti, sta per fare qualcosa di stupido",1
1494.jpg,108,1,0,pompierino... pompierino... lo vuoi lo striscione?? salvini merda,1
1495.jpg,34,1,Salvini,sciacallo,1
1496.jpg,48,0,0,oggi si vota su rousseau,0
1497.jpg,18,0,0,i 5 stelle al governo con salvini salvini fascisti italiani 5 stelle,0
1498.jpg,108,0,0,quando tutti parlano di crisi di governo ma tu sei in ferie e non te ne fotte un cazzo,1
1499.jpg,21,1,Conte,nun me riesco a scollà! ste ultime puntate so meglio der trono de spade!,0
1500.jpg,2,0,"Conte, Salvini","arrivederci, dammi la mano e sorridi senza piangere. arrivederci. per una volta ancora è bello fingere. abbiamo fatto un governo, quasi per gioco, ed ora fingiam di lasciarci, soltanto per poco.",0
1501.jpg,3,0,Renzi,"pronto renzi... ciao tonino, volevi dirmi di essere ottimista? no... ti volevo mandare a fare in culo pure io!!!",1
1502.jpg,2,0,Salvini,"""peggio che me tocca de lava' tutte e divise!!""",0
1503.jpg,16,1,0,#maradonamentana,0
1504.jpg,364,1,Mattarella,"a turno, ognuno si presenta dall'anziano capo con il proprio corpo di ballo per vincere il premio finale si tratta delle consultazioni o del musical di cats?",0
1505.jpg,26,0,Di Maio,quando l'italia crede che ti sia tirato indietro per il bene della nazione ma in realtà lo fai solo perchè non sai dire imbicciment,1
1506.jpg,11,0,0,il governo giallo-verde cade* il giallo che vede il rosso:,0
1507.jpg,36,0,0,salmo: razzisti che ascoltano hip hop qualcosa non torna. salvini: io non sono razzista ma gli immigrati bastardi non devono venire nel mio paese. salmo: excuse me what the fuck,1
1508.jpg,48,0,0,"al posto del premier conte avrei esordito così: ""gentile ministro salvini, lota eri e lora rimani""",1
1509.jpg,12,0,"Salvini, Di Maio","""ma cu ti fici fari..."" ""lui', mi manciassi a lingua""",0
1510.jpg,7,0,"Di Maio, Salvini","""dimmi la verità che avete fatto dopo cena?? anzi no non me di niente non lo voglio manco sape'",0
1511.jpg,93,1,Lega,non puoi stare 5 secondi senza umiliarti? quanto tempo è passato?,1
1512.jpg,630,0,0,il pd rappresentala vecchia politica il pd ruba il pd è attaccato alle poltrone ed ai vitalizi non ci si può fidare del pd il pd fa gli interessi delle banche mai col partito di bibbiano stiamo lavorando ad un governo con il pd,0
1513.jpg,132,0,0,for really big mistakes. sinistra cazzate libertà,1
1514.jpg,1,0,Salvini,riprendiamoci la nostra italia ci stai? fichi fichi con meee,0
1515.jpg,27,0,0,non ci avete capito una minchia. vi querelo! rousseau il contratto sociale,1
1516.jpg,14514,0,Mattarella,"""situazione molto difficile"". per le consultazioni mattarella chiede 100 euro a seduta",0
1517.jpg,409,0,Civati,"il vero fallimento non sono io, sono i vostri meme di merda. normie del cazzo",1
1518.jpg,91,0,Fico,fico premier? attaccatevi al tram...,1
1519.jpg,1180,0,Salvini,"italia, 1967. ""dai diamanti non nasce niente, dal letame nascono i fior"" il poeta fabrizio de andrè scrive i versi della canzone ""via dal campo""",1
1520.jpg,117,1,Renzi,giuro che non sono leghista! tantomeno di merda.,1
1521.jpg,13,1,Salvini,"""chi non digiuna e non lotta è un gran figlio di una mignotta"" gandhini",1
1522.jpg,27,0,Salvini,"potrebbe succedere anche a te, usa il preservativo",1
1523.jpg,248,1,Salvini,italian man fucks the governo and eats 5 kg of pane e nutella (porn food hot video),1
1524.jpg,390,1,Salvini,"terremoto pd, matteo renzi annuncia l'addio: ""fondo il mio partito""",0
1525.jpg,59,0,Salvini,"italia, 4 settembre 2019 un disoccupato attente l'apertura di un centro per l'impiego, nella speranza di ottenere almeno il reddito di cittadinanza.",0
1526.jpg,45,0,0,pimpa riceve l'incarico da mattarella franco cosimo panini,0
1527.jpg,29,0,0,"per il governo, dobbiamo prima consultare la piattaforma rouss... zacca stradoni",0
1528.jpg,6,1,Mattarella,"giovedì 29 agosto il presidente della repubblica. preso atto della crisi delle istituzioni repubblicane, si proclama imperatore galattico",0
1529.jpg,6814,0,0,"piuttosto che diventare un (fascista) ministro dell'interno che non va alle commemorazioni del 25 aprile, meglio essere un maiale",1
1530.jpg,43,0,0,elezioni,1
1531.jpg,74,1,"Salvini, Di Maio",ferragosto tranquilli crisi di governo,0
1532.jpg,9,0,"Salvini, Berlusconi, Di Maio, Renzi",mostro a 3 o 4 teste,0
1533.jpg,543,0,"Salvini, Conte",eh? puppa,1
1534.jpg,23,0,0,"dai che ce la facciamo a fargli fare il governo come lo vogliamo noi, ma ahò, di fare fico presidente del consiglio, glielo hai suggerito tu",0
1535.jpg,5,0,Di Maio,"""panini acqua minerale cocaaa""",0
1536.jpg,1345,1,"Conte, Di Maio",appartengo a maria immacolata,0
1537.jpg,41,0,0,"man woman white black poor rich asian ""parlateci di bibbiano""",0
1538.jpg,2844,0,Di Maio,dichiaro di aver letto e accettato i termini e le condizioni. dichiaro di aver letto e accettato l'informativa sul trattamento dei dati personali. dichiaro di essere maggiorenne. ma sìì..sticazzi!,1
1539.jpg,135,0,Salvini,domani ricominciano le consultazioni e io non so ancora che rosario mettermi.,0
1540.jpg,5359,0,Mattarella,"basta, mi avete rotto tutti le palle. affido il governo a palpatine e darth vader",1
1541.jpg,33,0,"Mattarella, Conte",raccontami di quando gli hai detto che è un coglione,1
1542.jpg,26,1,Salvini,"interististalinisti buongiorno compagni, anzitutto una notizia: quel signore prima che ha fatto cadere il governo è stato già arrestato... perché... siccome abbiamo gli scrutini controllati abbiam, stiamo mandando, abbiamo mandata la stasi a casa di questo signore che è stato arrestato quindi dovrà rendere conto adesso di quello che ha fatto, provare... documentare. vabbè, intanto adesso è in galera, poi ne parliamo... quindi state molto attenti eh, vi avverto, con le mozioni di sfiducia. qui tutti gli scrutini sono controllati, per cui immediatamente scatta un controllo con la stasi, che arriva a casa e vi arresta. [comintern per per la #crisidigoverno, 11 agosto",0
1543.jpg,629,1,Salvini,ok gli italiani mi hanno dato pieni poteri,0
1544.jpg,58,1,0,quando ti chiedono perché è caduto il governo,0
1545.jpg,36,0,"Conte, Mattarella",quist'anne ù cerignole stè forte forte... tu puè fa l'abbonamende ...ù timbe ù tine st'anne,0
1546.jpg,269,0,0,quando qualcuno è contro i matrimoni gay e tu pensi che cazzo gliene fregherà a lui,1
1547.jpg,468,0,"Salvini, Conte",si dichiara omofobo. se lo fa buttare in c*lo due volte dalla stessa persona,1
1548.jpg,12,0,Salvini,quando ritorni dal papeete e le suggerisci un trattamento rinforzante da imperial beauty,0
1549.jpg,93,0,Salvini,quando sei un ironico ministro dell'interno e fai cadere i 5s proprio a san lorenzo,0
1550.jpg,249,1,"Conte, Salvini","tranquilli, l'ho fatto castrare",1
1551.jpg,994,1,Lega,suca salvini rosica,1
1552.jpg,3,0,Salvini,perché nessuno lo fa fuori???,1
1553.jpg,61,0,Salvini,quando hai paura del coronavirus e ti dicono di indossare la mascherina... ma tu sei salvini e come al solito non hai capito un cazzo.,1
1554.jpg,12,0,0,"cos'era? un topo di fogna? ah...no, salvini.",1
1555.jpg,24,0,0,"a me renzi, piace",0
1556.jpg,44,0,0,"salvini, mo' m'hai rotto er cazzo con 'sti porti chiusi.",1
1557.jpg,34,1,Di Maio,"- berlino, per ora tutto ok. nessuno mi ha riconosciuto. - prossima chiamata di controllo fra sei ore.",0
1558.jpg,15,1,"Salvini, Di Maio","continuavano a chiamarlo… ""governo delle nullità""",1
1559.jpg,9,1,Salvini,ruspe in azione,0
1560.jpg,126,1,0,"666 televideo le bestie di satira politica salvini: ""ho staccato la spina al governo, perché dovevo ricaricare lo smartphone. gerlando gex taibi turismo-viaggiare sicuri 660",0
1561.jpg,81,1,"Mattarella, Salvini",salvi'..... ti ho riconosciuto,0
1562.jpg,127,0,0,boris johnson smette per un attimo di fare minch*at. inglesi: stonks pagina di meme. not stonks,1
1563.jpg,201,1,Salvini,"preparatevi, sta per dire qualcosa di stupido. ""la scienza da cola non basta, occorre riaprire le chiese""",1
1564.jpg,155,0,Salvini,san cazzaro da milano,1
1565.jpg,8,0,0,salvini chiede la testa di toninelli e di maio non la trova.,0
1566.jpg,83,1,Di Maio,"retromarcia sulla tav decreto sicurezza bis regalare il governo a salvini ""abbiamo abolito la povertà, danilo!""",0
1567.jpg,71,0,Salvini,"uno viene mantenuto da noi italiani e dovrebbe tornarsene a casa sua, é un violento ed arretraro. l'altro è un ragazzo di colore",1
1568.jpg,35,1,Renzi,una cazzata al giorno leva il movimento 5 stelle di torno,1
1569.jpg,40,0,Mattarella,"serial things ok signori, chiudiamola alla cazzo di cane. do l'incarico a bran",1
1570.jpg,21,0,0,quando tutti sono indignati per la crisi di governo ma a te non frega un cazzo perché al covo è arrivata la koral di hammer,1
1571.jpg,311,0,0,"io: ""dico solo che cercare di risolvere il problema dell'immigrazione chiudendo i porti non serve a molto"". destra: ""eccolo! il piccolo comunista bastardo!""",1
1572.jpg,12,1,0,ho dato la mia disponibilità al presidente mattarella per formare un governo di pilu,1
1573.jpg,1555,0,0,tra un punto e l'altro di nole cadono almeno 5 governi italiani chiamarsi roger,0
1574.jpg,42,0,Salvini,anche a me diceva di durare 5 anni,1
1575.jpg,44,0,0,quando mandi in crisi il governo ma poi chiedi pieni poteri al popolino,0
1576.jpg,4397,1,"Di Maio, Renzi, Mattarella","facci cognoscer lo tuo pensier: qual est lo miglior avvenire per lo paese? a allo voto subito, b alleanza/accrocchio di scopo fra inimici, c governo del presidente, d invasione dei lanzichenecchi con pestilenza al seguito",0
1577.jpg,78,0,PD,foto di gruppo,1
1578.jpg,7,0,0,link ad articoli contro le politiche di salvini postati da grillini,0
1579.jpg,353,1,"Salvini, Di Maio","matthew salvini tinyluis dimayo il nome della lega credevamo nel dio po ma poi rubarono un bel po' ""un terribile periodo storico, segnato dalla corruzione e dall'ignoranza, una storia vincente, per fatti ormai lontani"".",0
1580.jpg,320,1,Mattarella,siamo davanti a un burrone,0
1581.jpg,50,0,Mattarella,con vivo rammarico devo comunicarvi che per un imprevedibile disguido la copia dell'annunciato film cecoslovacco non è arrivata in tempo e quindi la proiezione non potrà avvenire,0
1582.jpg,29,0,0,oggi parleremo del bipolarismo di chi oggi vuole la crisi di governo e domani non la vuole più,0
1583.jpg,7905,0,Mattarella,lagarde stai zitta porcamadonna,1
1584.jpg,816,0,"M5S, PD, Lega",what the fuck is pd doing? his best,1
1585.jpg,5,0,"Zingaretti, Di Maio","""allora semo d'accordo?... famo na settimana pe r'uno""",0
1586.jpg,116,0,0,quando sei un immigrato che scappa dalla povertà e decidi di venire a cercare ricchezza in italia so you have chosen...death,0
1587.jpg,218,0,0,"salvini: ""venite qui, ecco un video del 2015 che dimostra che i cinesi stavano sperimentando un super coronavirus sui pipistrelli"". io che controllo il post: il mio radar rivela un'alta concentrazione di ritardati",1
1588.jpg,97,0,"Meloni, Berlusconi, Salvini",sono li da oltre 20 anni solo disastri per il paese anno 2011 lo spread a 528 gli italiani ricordano che monti e fornero sono arrivati perché il governo pdl-lega ci aveva portato sull'orlo del baratro?,0
1589.jpg,143,0,0,quando il movimento 5 stelle anche se non ha uno straccio di consensi crea un governo alleandosi con i suoi peggior nemici that's how mafia works,0
1590.jpg,383,0,Salvini,"ho un'ong di 20 cm, che vorrebbe entrare nel tuo porto",1
1591.jpg,24,0,"Conte, Salvini",al mio 3 ti risveglierai e capirai di aver fatto una cazzata,1
1592.jpg,1285,0,Lega,pirla,1
1593.jpg,13,1,Mattarella,scendo giù e vi meno tutti porcodd,1
1594.jpg,397,0,Salvini,"roba da matti un tizio, che da ministro degli interni firma una legge, che limita il diritto di manifestare, invita a scendere in piazza contro un governo che potrebbe formarsi, dopo aver fatto saltare il suo stesso governo per aver chiesto le dimissioni del suo presidente... ah no è salvini",0
1595.jpg,18,0,Mattarella,"sergio carissimo, certo che ti diamo asilo politico! benvenuto in inghilterra!",0
1596.jpg,93,0,Salvini,"salvini invoca la piazza: ""tutti a roma contro il governo del conte-monti""",0
1597.jpg,49,0,0,"quando stai ascoltando ""bella ciao"" ma poi un tuo amico dice ""ma cos'è sta merda?""",1
1598.jpg,302,0,0,"fingerà di essere diventata nazionalista, nel frattempo importerà denaro dall'estero e sottrarrà soldi pubblici distraendo la gente con nemici immaginari, diamo il benvenuto a padania",0
1599.jpg,6775,1,Di Maio,"<< caro vescovo di roma, caro gregorio ix, promuovendo questa scomunica ti sei assunto una grande responsabilità di fronte alla cristianità tutta: hai scagliato codesto anatema avocando a te tutto il potere temporale. questa tua concezione, permettimi di dirlo, mi preoccupa>> federico ii",0
1600.jpg,51,0,"Salvini, Di Maio, Conte","""comunque sentimose... anche pe na pizza""",0
1601.jpg,9254,0,0,rousseau: la piattaforma è a prova di hacker per il 112% degli iscritti,0
1602.jpg,4,0,0,l'uomo deve stabilirsi su marte o su un altro pianeta a tutti i costi. la sorte del genere umano dipende da questo. se non diventeremo una specie multiplaneraria prima o poi ci estingueremo a causa di una catastrofe. o della lega. elon musk,0
1603.jpg,8,0,0,"uff! meno male, pensavo dicesse il negro con la divisa da poliziotto. ora so chi è stato, il colpevole è merdone salvini!",1
1604.jpg,7,0,Mattarella,"sarvini gl'ha fatto come quello che si taglio' i'pisello pe' fa' dispetto alla su moglie! sfiduciando il governo, con una mossa politicamente ardita, il leader della lega nord non ha calcolato bene le conseguenze",0
1605.jpg,13,1,Mattarella,visto le ultime... non male come idea! breaking news mattarella si nomina premier modificata la costituzione durante la notte - risolta la crisi di governo,0
1606.jpg,41,1,Salvini,a volte mi faccio schifo da solo,1
1607.jpg,12,0,"Conte, Salvini",crisi di governo conte in senato me sta a faà nero e poi il razzista sarei io,0
1608.jpg,96,1,Mattarella,oggi sergio farà la sua scelta,0
1609.jpg,105,0,0,oggi parleremo di come matteo salvini si è inculato da solo mediante un sofisticato sistema di specchi e leve,1
1610.jpg,99,0,Salvini,buongiorno/buonasera ci hanno detto che da lei c'è un coglione. ci può far entrare cortesemente? salvini,1
1611.jpg,149,1,Renzi,"then matteo renzi @matteorenzi la mia risposta a chi vuole fare accordi con i cinque stelle ""per difendere insieme certi valori"". perché io sono contrario a questo accordo #senzadime now: i've never met this man in my life.",0
1612.jpg,10,0,Di Maio,se dovesse andar male col pd proveremo con i testimoni di geova,0
1613.jpg,4,1,Grillo,te la do io la tav beppe grillo,0
1614.jpg,5,1,"Salvini, Lega",lega salvini e tienilo legato,0
1615.jpg,520,1,Salvini,"che cucciolo. si chiama matteo salvini. posso accarezzarlo? certo, abbaia soltanto",1
1616.jpg,347,0,Salvini,elezioni subito. attaccate ar cazzo. ar cazzo te devi attaccà!,1
1617.jpg,31,0,Mattarella,aiuto.,0
1618.jpg,11,0,0,"""governo del cambiamento di cinque anni"" vediamo un po chi si nasconde qui sotto governo instabile che non arriva a fine legislatura e che fa debito",0
1619.jpg,221,0,Salvini,"bello, intelligente, simpatico e utile. peccato che la foto sia stata rovinata da quell'intruso col telefonino",1
1620.jpg,1613,1,"Di Maio, Salvini",filippo confidiamo in te,0
1621.jpg,9,0,"Di Maio, Salvini, Conte",a mangiare sa simbua frita a villanovaforru ci vieni lo stesso?,0
1622.jpg,39,1,0,"giuseppi! come here, giuseppi!",0
1623.jpg,6129,0,Conte,"giovanni, non facciamo di nuovo figure di merda eh, intesi?",1
1624.jpg,36,0,0,"12/04/2016 26/08/2019 il signore ha chiamato a sè l'anima buona di piattaforma rousseau (vedova diretta streaming) gli amici e luigi di maio, alessandro di battista, beppe grillo, davide casaleggio, roberto fico, nicola morra, paola tavera, manlio di stefano, i militanti e gli elettori grillini tutti ne piangono la triste scomparsa con immenso dolore ""la perdita subiita è motivo di tristezza per tutti noi. siateci vicini."" le esequie muoveranno domani, alle ore 16:00, dalla chiesa parrocchiale",0
1625.jpg,21,1,Di Maio,quella... come si chiamava?? eh sì rachete.... ce l'hai ancora il numero???,0
1626.jpg,1226,0,0,"papà castoro, raccontaci una storia. il taglio del numero dei parlamentari comporterà un risparmio complessivo di 57 milioni di euro l'anno. pari allo 0.007% della spesa pubblica italiana, per cui è legittimo pensare che si tratti più di una mossa politica di bilanciamento dei seggi, da un lato, e populista dall'altro. vista l'onda di antipolitica che permea il paese, senza alcun beneficio diretto per i cittadini che continueranno a condurre vite di merda.",1
1627.jpg,206,0,"Salvini, Di Maio",certi amori non finiscono fanno consultazioni immense e poi ritornano,0
1628.jpg,104,0,Grillo,mia moglie mi chiama al telefono prontooooooooooo è cambiato tutto ah no spe ho sbagliato comico,0
1629.jpg,805,0,"Salvini, Conte",matte te la ricordi quella del governeremo per 30 anni?,0
1630.jpg,19,0,0,"miciomocio a superquark lotta per la sopravvivenza, predatori e prede, guardati bene le spalle... sembra palazzo chigi!",0
1631.jpg,15,1,"Di Maio, Zingaretti",la metamorfosi,0
1632.jpg,1033,1,"Mattarella, Salvini",te ne vai fuori dai coglioni da solo o devo chiamare i corazzieri?,1
1633.jpg,89,0,Conte,durante la più matta crisi della storia della repubblica uno è in ferie l'altro la racconta,0
1634.jpg,4275,1,Berlusconi,la conosci la mossa kansas city? è quando loro guardano a destra.. e tu vai a puttan,1
1635.jpg,12,0,"Zingaretti, Di Maio",finalmente un governo con i coglioni,1
1636.jpg,212,0,0,"quando salvini risponde ad una critica dicendo: ""ma allora secondo lei tutti i milioni di italiani che mi votano sono cretini?"" io:",1
1637.jpg,325,0,0,salvini quando ha annunciato la crisi di governo alleanza m5s-pd discorso di conte democrazia parlamentare,0
1638.jpg,53,1,Salvini,per il cuore immacolato di mari-- mammt',1
1639.jpg,125,0,"Salvini, Mattarella",ti ho messo per ultimo sennò ti magnavi tutto il buffet,0
1640.jpg,15,0,"Conte, Salvini",pornhub,0
1641.jpg,25,0,Conte,dadaumpa #lepiubellefrasidiosho,0
1642.jpg,643,1,"Di Maio, Salvini",and now the time has come for you to lip synch your legacyyy,0
1643.jpg,8,0,Salvini,grazie terroni di merda,1
1644.jpg,142,0,0,movimento 5 stelle che vuole allearsi con il pd voti a loro favore che si dimezzano,0
1645.jpg,153,0,"Salvini, Conte",il rappresentante che me le ha mandate assicurandomi che fossero buonissime io che leggo le dispense che mi hanno mandato accorgendomi che sono almeno di 6 anni fa,0
1646.jpg,88,0,0,conversazioni tra ministri degli esteri. di maio. gli altri ministri europei,1
1647.jpg,5547,0,0,"muovetevi per dio, abbiamo lasciato un'altra volta il cervello di toninelli senza ossigeno",1
1648.jpg,2,0,"Salvini, Conte",una breve sintesi del 20.08.2019,0
1649.jpg,36,0,"Conte, Salvini",compagno di banco prof io in verifica,0
1650.jpg,190,1,Salvini,"trovata opera inedita di modigliani intitolata ""coglioncino a collo alto""",1
1651.jpg,14662,0,Boschi,"m5s e pd: ""ci affidiamo al cuore immacolato di maria elena""",0
1652.jpg,192,0,0,governo conte ii renzi fiducia,0
1653.jpg,50,1,Meloni,bella pisè! ho ritrovato 'a sfera der drago che m'aveva regalato mi nonno goku! svorta!,0
1654.jpg,46,0,"Conte, Salvini",ma per caso sei gay? no perché? ti ho visto parlare con un gay ... non sono neanche ritardato eppure sto parlando con te!,1
1655.jpg,15,1,"Di Maio, Salvini",the end,0
1656.jpg,426,1,Salvini,"cinque minuti, potresti fare il ministro dell'interno... ...per cinque minuti?",0
1657.jpg,864,1,0,quando si apre la crisi di governo e la possibilità che salvini diventi premier ma tu sai che potrai fare un'altra maratona,0
1658.jpg,56,1,Salvini,da qui solo stronzate,1
1659.jpg,269,0,"Boldrini, Salvini",bye-bye! quando è risaputo che hai dei grossi problemi mentali ma ci tieni a confermarlo,1
1660.jpg,3794,0,Salvini,artist's shit,1
1661.jpg,445,0,Mattarella,ma mò 'o vulisseno da me 'a vermut?,0
1662.jpg,307,1,0,studente di scienze politiche esami di settembre che se non li passi sei qualificabile allo stadio di merda umana crisi di governo e maratone mentana multiple studente di scienze politiche che bestemmia leggi sopra che è lungo da riscrivere e sta iniziando la maratona,1
1663.jpg,88,1,0,ultim'ora clamoroso. conte si dimette ancor prima dell'inizio del campionato. turismo-viaggiare sicuri,0
1664.jpg,16,1,0,ma una monarchia angelica no eh? #crisidigoverno,0
1665.jpg,21153,1,0,pensionato preme per sbaglio un banner sulla piattaforma rousseau e si ritrova ministro dell'economia,0
1666.jpg,18,0,Renzi,"obama: da noi, un operario americano guadagna 3000 dollari al mese di cui 2000 gli bastano per campare abbastanza bene. il resto dei 1000 dollari a noi, ovviamente, non ci interessa come li spende. merkel: da noi, un operario tedesco guadagna 2000 dollari al mese di cui 1500 gli bastano per campare abbastanza bene. il resto dei 500 dollari a noi, ovviamente, non ci interessa come li spende. renzi: da noi, un operario italiano guadagna 1000 dollari al mese. per campare decentemente gli servirebbero 2000. ovviamente, a noi non ce ne frega un cazzo.",1
1667.jpg,369,1,Salvini,"tranquillo, un giorno anche tu ti evolverai",1
1668.jpg,2111,0,"Conte, Casalino",dietro ogni grande uomo.. c'è una grande donna,1
1669.jpg,3969,1,Zingaretti,big dick is back in town,1
1670.jpg,506,1,0,"siccome gl'ha piu tempo libero, gl'ho invitaho sarvini a desinare, poi si spippolerà l'rosario stante la crisi di governo, e la conseguente perdita del dicastero conferitoli, ho invitato l'onorevole salvini per pranzo a casa mia e pensavo, successivamente, di recitare insieme a lui il santo rosario, essendo ambedue estremamente devoti e osservanti.",0
1671.jpg,13,0,Mattarella,proseguono le consultazioni ricevuti zingaretti,0
1672.jpg,388,0,"Salvini, Mattarella","c'era il 3x2 sugli abiti uomo da oviesse, eh...?",0
1673.jpg,141,1,Salvini,coglionavirus,1
1674.jpg,17,1,0,detroit beco mentana,0
1675.jpg,16,0,0,all'epoca ero alleato con la lega...,0
1676.jpg,69,0,Salvini,"""scusi, lei spaccia?"" ""a spaccimm e chitemmuort!""",1
1677.jpg,302,1,Berlusconi,wish you were here,1
1678.jpg,86,1,0,"politica di maio promette: ""in continuità con un anno bellissimo, faremo un governo fico"".",0
1679.jpg,177,0,0,come puoi soravvivere senza cervello? grazie al cuore immacolato di maria che mi dà la forza.,1
1680.jpg,25,1,Lega,legalo bene,1
1681.jpg,718,0,"Mattarella, Zingaretti, Gentiloni, Delrio",il problema vero del pd e che non ce n'è uno di voi che pensi la stessa cosa vero che cazzo dici ? probabilmente non penso proprio è quello che dico io,1
1682.jpg,5,0,0,il vostro nuovo presidente del consiglio sarà... sarà sarà,0
1683.jpg,68,0,"Boschi, Renzi","""guarda che me sa che 'azione civile' già esiste"" ""volemo fa 'zingaretti chi' ?""",0
1684.jpg,13,0,0,inconsapevoli addormentati. cov-id 19/id 20. tracciare i postivi per il controllo globale? non è salvini,1
1685.jpg,38,0,Mattarella,commenti verdoniani ormai se ne riparla a settembre!,0
1686.jpg,31,1,Salvini,tu eri così a 11 settimane. e ora sei qui perchè tua mamma non ti ha abortito,1
1687.jpg,46,0,"Fico, Grillo, Di Maio",passare dal vaffanculo a vendere il culo è un attimo,1
1688.jpg,15,1,PD,"in caso di accordo col m5s, per il pd si prevede un repentino crollo nei sondaggi e un netto abbassamento del numero degli iscritti, con tessere stracciate in tutta italia.",0
1689.jpg,51,0,0,all hail bibbiano!,0
1690.jpg,63,0,Mattarella,adesso avete rotto il cazzo,1
1691.jpg,69,0,Renzi,dicono sia bello il remake di sabrina vita da strega,0
1692.jpg,20,1,Salvini,è costato 49 milioni e nessuno si è lamentato,1
1693.jpg,48,0,0,noio voulevon votar,0
1694.jpg,706,1,Di Maio,luigi di maio in missione diplomatica a londra,1
1695.jpg,10,0,0,mi sono iscritto al movimento 5 stelle per combattere il sistema com'è andata? m'è arrivata a casa la tessera del pd,0
1696.jpg,859,0,"Di Maio, Salvini",stara sicuramente pensando ad un'altra,0
1697.jpg,963,1,Salvini,"e così domani presenti la mozione di sfiducia? si, ma poi la ritiro",0
1698.jpg,8,0,Conte,e 'n ve sta mai bene 'n cazzo però!,1
1699.jpg,18,1,Toninelli,"tav, toninelli non si dimette e rilancia: ""ho fatto un lavoro immenso, fermarmi sarebbe una follia"" ""qui dento me sò apputnato tutto quello c'ho fatto"" ""sicuro he oggi ha preso le pillole sì?""",1
1700.jpg,226,1,0,ceci n'est pas salvini,1
1701.jpg,19,0,"Di Maio, Salvini, Conte",era un anno bellissimo!,0
1702.jpg,5,1,"Salvini, Di Maio",la guerra che nessuno vuole inspired by true events fernando farina,0
1703.jpg,28,1,Conte,il governo è finito! andate affanculo!,1
1704.jpg,258,0,"Salvini, Adinolfi, Meloni","""i neri sono inferiori ai bianchi"" matteo salvini ""le donne sono inferiori agli uomini"" mario adinolfi ""i gay sono inferiori agli etero"" giorgia meloni ma gli idioti sono tutti uguali!",1
1705.jpg,22,1,"Salvini, Conte","marescià gli tolgo la benda per fargli vedere cosa succede al governo? ma si, un po' di tortura anche lui se la merita",0
1706.jpg,50,0,Di Maio,"""guarda che hai sbajato numero""",0
1707.jpg,16,0,"Renzi, Berlusconi, Napolitano, Monti, Prodi",la bocca si apre in fretta… il cervello ha fatto tardi…,1
1708.jpg,167,1,Conte,"#manovra, mancano 5 miliardi ""qui ce tocca trovà artri 5 miardi"" ""aspetta 'n attimo che qui sotto è pieno de monetine... forse c'arivamo""",0
1709.jpg,7,0,"Mattarella, Conte","diagnosi: un governo così, tu no lo reggi cura: scaricala! te ne vai... piano piano...",0
1710.jpg,452,1,"Conte, Salvini",il suo super discorso che lo riempe di merda. salvini che voleva solo andare in parlamento a sentire le dimissioni di conte,1
1711.jpg,145,0,"Conte, Mattarella","""minchia come volano 5 anni""",1
1712.jpg,520,0,"Di Maio, Conte","non sono professionisti, sono presi dalla strada",1
1713.jpg,261,1,"Salvini, Di Maio, Conte","agosto, alleato mio non ti conosco",0
1714.jpg,34,0,0,italian crisis,0
1715.jpg,77,0,0,"leghista: ""sei un comunista di merda. salvini è un grande. tu devi solo stare zitto comunista di merda!"" io: ""ora sta' zitto e ascolta, idiota""",1
1716.jpg,121,0,Salvini,scientificamente provato. fissare questa immagine per 15 secondi fa dimenticare la tabellina del 2,1
1717.jpg,219,0,0,di maio *teoricamente la sinistra* *letteralmente la destra,0
1718.jpg,3,1,Conte,conte 2 la vendetta,0
1719.jpg,97,1,Salvini,non autorizzo nessuno a scendere. basta con le cazzate,1
1720.jpg,80,1,Meloni,integrazioni porti chiusi blocco navale,0
1721.jpg,73,0,0,raccolta firme a settembre io la mia voglia di stare in spiaggia a dormire,0
1722.jpg,141,0,Salvini,la tua ignoranza è il mio stipendio,1
1723.jpg,23,0,"Conte, Fico",-facciamo il governo giallorosso? però stavolta totti capitano,0
1724.jpg,132,1,Mattarella,"quando hai rinunciato alle ferie perché giuseppe, matteo e luigi dovevano salire al colle ma non vedi arrivare nessuno @carpenoctem_pnd a disgraziati fiji de na mign*tta, andò ca**o state?",1
1725.jpg,54,0,"Salvini, Conte",giuse guarda che hai sbagliato appunti,0
1726.jpg,16,1,Salvini,da capitano a sergente il passo è breve...,0
1727.jpg,19,0,"Conte, Mattarella",e vvinisti a mani vacanti? ti purtai na spasa i bbocconcini 'i villa arangea,0
1728.jpg,223,1,"Mattarella, Salvini",t'ho riconosciuto imbecille,1
1729.jpg,429,0,0,"ma i'poero toninelli l'arà capiho che unn'e più ministro? l'onorevole toninelli, noto per la brillantezza e la velocità di pensiero, potrebbe non aver ben compreso quello che la crisi di governo comporta, in termini di decadenza dagli incarichi.",1
1730.jpg,182,1,Salvini,se so' messi d'accordo. che vor di? che te la pii nder culo!,1
1731.jpg,15,0,Salvini,presidente del consiglio fucks hard the ministro dell'interno,1
1732.jpg,65,0,Di Maio,si addormenta sul materassino con la lega e lo ritrovano 9 ore dopo con il pd.,0
1733.jpg,470,1,Salvini,il fumo causa ictus e disabilità,1
1734.jpg,12690,0,"Salvini, Conte, Di Maio",conte usa boato!,0
1735.jpg,5,0,Salvini,chi nasconde un ebreo è contro il popolo tedesco. chi aiuta un immigrato è contro il popolo italiano,1
1736.jpg,43,1,"PD, M5S, Lega",senato della repubblica 20 agosto 2019,0
1737.jpg,8,0,"Mattarella, D'Uva, Di Maio","je voj ancora bene... dai, su!? si!",0
1738.jpg,124,1,Renzi,*crisi di governo e nuove elezioni* renzi:,0
1739.jpg,23,0,0,"si chiama gabinetto, è pieno di stronzi.. ma non c'è modo di tirare lo sciacquone",1
1740.jpg,40,0,Mentana,"*in collegamento con salvini* si ti prego matteo, continua a sparare cazzate",1
1741.jpg,70,1,0,breve promemoria per i grillini smemorati vi ci siete alleati voi a governo c'eravate sempre voi i poteri forti che vi remano contro... beh siete ancora voi,0
1742.jpg,18,0,"Conte, Salvini","e infine caro matteo, la cosa più grave è che dobbiamo aspettare venerdì per mangiare la pizza della daniela!",0
1743.jpg,13,0,0,"di maio, salvini",0
1744.jpg,21,1,Salvini,ora vediamo chi c'è dietro il complotto per fare il ribaltone m5s-pd,0
1745.jpg,8,1,0,repubblica dei cachi,0
1746.jpg,121,1,Mattarella,stop strumentalizzazione religiosa di salvini mattarella apre consultazioni ad altre divinità v for volt,0
1747.jpg,457,1,"PD, M5S",quando trovi qualcuno che odia le stesse persone che odi tu.,0
1748.jpg,2698,1,Mattarella,per essere un democristiano sergio sai fare centro cazzo,1
1749.jpg,72,1,"Renzi, Conte",#primalepoltrone,0
1750.jpg,11,0,Renzi,sò contento c'hai capito che scherzavo l'altra vorta,0
1751.jpg,115,0,"Salvini, Conte, Di Maio","cerco un compagno che non mi dia buca per la prossima uscita. chi c'è? io ah, non ci sono rifugi sul percorso. sempre io alpinisti in erba",0
1752.jpg,57,0,Conte,"... al ministero di stocazzo, matteo salvini...",1
1753.jpg,10,1,"Renzi, Di Maio, Boschi, Boldrini, Grasso",sta arrivando il cambiamento andiamo a governare,0
1754.jpg,9,0,0,situazione di un leghista nei commenti di un post di salvini: everyone is stupid except me,1
1755.jpg,3,0,0,aumento iva 2020 italia close-up,0
1756.jpg,16,1,Salvini,non mollo! presto! scappa! stanno arrivando i giudici! ho mollato... ...mi son cagato addosso...,1
1757.jpg,40,1,"Di Maio, Salvini","""chiudi maria"" #lepiubellefrasidiosho",0
1758.jpg,41,1,"Salvini, Di Maio","matteo salvini, gli sms con di maio: io sono pronto a ricostruire il rapporto il leader leghista ai suoi: conte decisivo nel separarmi da luigi perché più di una volta... maledetto stronzo, allora mi pensi ancora",1
1759.jpg,14,1,0,nell'incertezza dovrai stare finchè un governo tecnico non compare,0
1760.jpg,691,0,Di Maio,sbrigate cancella tutti i tweet contro er pd,0
1761.jpg,11,1,0,di maio contro salvini di maio contro zingaretti,0
1762.jpg,65,1,Mattarella,"quando sei mattarella e ti dicono se vuioi tornare al voto. akuna matatta ragazzi e bentornati dal vostro cicciogaymer89, siamo tornati su un nuovo meme che vi andrò a spiegare. quindi cappio al collo e lezzego! ma prima di tutto: come fossero i calciatori senza den- no sto scherzando quello lo dice mio fratello! allora riprendendo questo meme in mano e parliamone. praticamente cuesto meme parla di attarela che sta per sciegliere tra dare il voto ai italiani o lasciare il governo in mano ai comunisti. tanto lo sappiamo che sceglie i comunisti ed è per questo che gli farridere al presidente. ci vediamo in un prossimo video di fortnite e comprate la mia guida di fortnite che diventate forti come ningia.",0
1763.jpg,450,0,0,quando augusto fu imperatore di mezzo mondo per 41 anni e ir governo lega-5stelle dura 14 mesi chiaramente un popolo inferiore,0
1764.jpg,11,0,0,ma se batman va a puttane mountain lion scopa le bat-tone?,1
1765.jpg,20,0,"Salvini, Renzi",i dei mattei. ok ragazzi vi riporto a casa!!,1
1766.jpg,7,0,Salvini,"""the lannisters send their regards"" *the rains of castamere starts playing in the background""",0
1767.jpg,21,1,Salvini,"mi hanno consigliato di andare a ""sa cardiga de su calloni"", dicono che si mangia benissimo.",1
1768.jpg,79,0,0,"quando sei al parchetto e un ragazzino si mette a dire viva salvini e viva la lega. ""ti faccio esplodere la mamma""",1
1769.jpg,70,0,"Berlusconi, Bernini, Gelmini",brazzers,0
1770.jpg,13,1,"Di Maio, Salvini","giggino, la mia non è propria fame di potere è più voglia di un governo tecnico su cui scaricare i nostri disastri e ottenere ancora più potere",0
1771.jpg,697,0,"Di Maio, Mattarella","presidente? cosa vuoi, alternativo dei miei coglioni che quando io ascoltavo i dead kennedys tu nemmeno ti facevi le pippe",1
1772.jpg,5,1,Salvini,balla di lardo,1
1773.jpg,110,1,Civati,the awesome adventures of captain spirit mattarella,0
1774.jpg,215,1,0,"squadra di governo fatta, nasce il governo angelico breaking news piero angela premier. alberto angela e alessandro barbero ministri",0
1775.jpg,5,0,Di Maio,è proprio il pirla perfetto!,1
1776.jpg,51,1,Salvini,salvini carabiniere. salvini poliziotto. salvini blocca i porti. salvini visita le armerie del nord. salvini va a casa di putin. salvini capitano. salvini,1
1777.jpg,100,0,"Mattarella, Berlusconi",a chi tocca che non mi ricordo?,0
1778.jpg,25,1,0,camera dei deputati ti vuoi mettere con me sì no,0
1779.jpg,5,0,"Mattarella, Di Maio","per cos'e' che mi volevi portare davanti ai giudici, più?",0
1780.jpg,5928,0,Salvini,"vice premier get fucket in tv ""it was my first time, but it was not that bad"" his first words",1
1781.jpg,31,1,Salvini,sempre presente in televisione sempre assente al parlamento europeo 18 mile euro di stipendio al mese corruzione e mazzette su appalti e grandi opere parassita ... e vieni a farti le vacanze a scrocco in sicilia per parlare di immigrazione,1
1782.jpg,18,0,Mattarella,5 giorni e poi li manno tutti affanculo,1
1783.jpg,68,1,0,un modo per farmi interessare alla politica? formare il governo garth!,0
1784.jpg,9,0,"Meloni, Mattarella","""ma come chi sono? presidè sò io senza fotoscioppe!""",0
1785.jpg,44,0,"Conte, Salvini",quando senti qualcuno fare citazioni in latino e rimani perplesso,0
1786.jpg,11,0,0,discovering something that doesn't exist governo italiano,0
1787.jpg,8,0,Salvini,"pieni poteri? ma chi cazzo sei? non ti allargare belina mia beata vergine maria dolce e immacolata, perché mi tratti così male?",1
1788.jpg,432,1,"Salvini, Berlusconi",pornhub livecams scopa adesso live sex premium metteo slavini è bagnato a 2 barconi da te!! rimuovi gli annunci neri italiane repubblica ceca informazione hentai celebrità,1
1789.jpg,11,1,0,rollingstone noi non stiamo con salvinimmerda da adesso chi tace è complice,1
1790.jpg,185,0,0,"e così abbiamo pensato, facciamo un bel progetto alla crisi di governo un grande libro, un grande regista e un film in cui ce se capisce e nun ce se capisce. io non c'ho capito un cazzo.",1
1791.jpg,2315,0,"Salvini, Conte",i lannister ti mandano i loro saluti,0
1792.jpg,38994,0,"Di Maio, Conte, Salvini","ahi ahi ahi ahi, ma giuri che tra un po' te ne andrai, ahi ahi ahi ahi, alla fine però non lo fai mai",0
1793.jpg,25,0,"Conte, Di Maio, Salvini","+: cosa diresti a salvini? -: ""c cantass pur a conzuncell"" 'ce ricess: 'chella granda fessa sguarrat 'è mammt""",1
1794.jpg,41,1,0,dedicato a tutti i comunisti,1
1795.jpg,168,0,0,quando sei contro salvini e devi tornare a votare: i can't. not again. i'm not....strong enough.,0
1796.jpg,18,0,0,man woman white black poor rich asian non ci vogliono far votare,0
1797.jpg,3748,0,0,"mamma diceva sempre: la vita è come una dichiarazione di toninelli, non sai mai quello che ti capita",1
1798.jpg,452,0,"Boschi, Renzi","renzi pronto a lanciare azione civile. ingroia: ""ma quella è la mia sigla"" ""guarda che me sa che 'azione civile' già esiste"" ""volemo fa 'zingaretti suca'?""",1
1799.jpg,23,0,Salvini,ero lì gandalf. ero lì il giorno in cui l'intelligenza degli uomini venne meno,1
